"../../../Engine/Plugins/2D/Paper2D/Content/PlaceholderTextures/DummySpriteTexture.ubulk" 0
"../../../Engine/Plugins/2D/Paper2D/Content/PlaceholderTextures/DummySpriteTexture.uasset" 1
"../../../Engine/Plugins/2D/Paper2D/Content/PlaceholderTextures/DummySpriteTexture.uexp" 2
"../../../Engine/Plugins/2D/Paper2D/Content/DummySprite.uasset" 3
"../../../Engine/Plugins/2D/Paper2D/Content/DummySprite.uexp" 4
"../../../Engine/Plugins/2D/Paper2D/Content/DefaultPaperTerrainMaterial.uasset" 5
"../../../Engine/Plugins/2D/Paper2D/Content/DefaultPaperTerrainMaterial.uexp" 6
"../../../Engine/Plugins/FX/NiagaraFluids/Content/NDC_Grid3D_Gas.uasset" 7
"../../../Engine/Plugins/FX/NiagaraFluids/Content/NDC_Grid3D_Gas.uexp" 8
"../../../Engine/Content/Animation/DefaultRecorderBoneCompression.uasset" 9
"../../../Engine/Content/Animation/DefaultRecorderBoneCompression.uexp" 10
"../../../Engine/Content/EngineSounds/Master.uasset" 11
"../../../Engine/Content/EngineSounds/Master.uexp" 12
"../../../Engine/Content/EngineMaterials/DefaultPhysicalMaterial.uasset" 13
"../../../Engine/Content/EngineMaterials/DefaultPhysicalMaterial.uexp" 14
"../../../Engine/Content/EngineMaterials/DefaultDestructiblePhysicalMaterial.uasset" 15
"../../../Engine/Content/EngineMaterials/DefaultDestructiblePhysicalMaterial.uexp" 16
"../../../Engine/Content/EngineFonts/Faces/DroidSansFallback.uexp" 17
"../../../Engine/Content/EngineFonts/Faces/DroidSansFallback.uasset" 18
"../../../Engine/Content/EngineFonts/Faces/DroidSansFallback.ufont" 19
"../../../Engine/Content/EngineFonts/Faces/RobotoRegular.uexp" 20
"../../../Engine/Content/EngineFonts/Faces/RobotoRegular.uasset" 21
"../../../Engine/Content/EngineFonts/Faces/RobotoRegular.ufont" 22
"../../../Engine/Content/EngineFonts/Faces/RobotoLight.uexp" 23
"../../../Engine/Content/EngineFonts/Faces/RobotoLight.uasset" 24
"../../../Engine/Content/EngineFonts/Faces/RobotoLight.ufont" 25
"../../../Engine/Content/EngineFonts/Faces/RobotoItalic.uexp" 26
"../../../Engine/Content/EngineFonts/Faces/RobotoItalic.uasset" 27
"../../../Engine/Content/EngineFonts/Faces/RobotoItalic.ufont" 28
"../../../Engine/Content/EngineFonts/Faces/RobotoBoldItalic.uexp" 29
"../../../Engine/Content/EngineFonts/Faces/RobotoBoldItalic.uasset" 30
"../../../Engine/Content/EngineFonts/Faces/RobotoBoldItalic.ufont" 31
"../../../Engine/Content/EngineFonts/Faces/RobotoBold.uexp" 32
"../../../Engine/Content/EngineFonts/Faces/RobotoBold.uasset" 33
"../../../Engine/Content/EngineFonts/Faces/RobotoBold.ufont" 34
"../../../Engine/Content/EngineFonts/Roboto.uasset" 35
"../../../Engine/Content/EngineFonts/Roboto.uexp" 36
"../../../Engine/Content/EngineFonts/Faces/DroidSansMono.uexp" 37
"../../../Engine/Content/EngineFonts/Faces/DroidSansMono.uasset" 38
"../../../Engine/Content/EngineFonts/Faces/DroidSansMono.ufont" 39
"../../../Engine/Content/EngineFonts/DroidSansMono.uasset" 40
"../../../Engine/Content/EngineFonts/DroidSansMono.uexp" 41
"../../../Engine/Plugins/PCG/Content/ComputeSources/PCGCS_ShaderUtilsInternal.uasset" 42
"../../../Engine/Plugins/PCG/Content/ComputeSources/PCGCS_ShaderUtilsInternal.uexp" 43
"../../../Engine/Plugins/PCG/Content/ComputeSources/PCGCS_ShaderUtils.uasset" 44
"../../../Engine/Plugins/PCG/Content/ComputeSources/PCGCS_ShaderUtils.uexp" 45
"../../../Engine/Plugins/PCG/Content/ComputeSources/PCGCS_Quaternion.uasset" 46
"../../../Engine/Plugins/PCG/Content/ComputeSources/PCGCS_Quaternion.uexp" 47
"../../../Engine/Plugins/Interchange/Runtime/Content/Pipelines/DefaultTexturePipeline.uasset" 48
"../../../Engine/Plugins/Interchange/Runtime/Content/Pipelines/DefaultTexturePipeline.uexp" 49
"../../../Engine/Plugins/Interchange/Runtime/Content/Pipelines/DefaultSceneLevelPipeline.uasset" 50
"../../../Engine/Plugins/Interchange/Runtime/Content/Pipelines/DefaultSceneLevelPipeline.uexp" 51
"../../../Engine/Plugins/Interchange/Runtime/Content/Pipelines/DefaultSceneAssetsPipeline.uasset" 52
"../../../Engine/Plugins/Interchange/Runtime/Content/Pipelines/DefaultSceneAssetsPipeline.uexp" 53
"../../../Engine/Plugins/Interchange/Runtime/Content/Pipelines/DefaultMaterialXPipeline.uasset" 54
"../../../Engine/Plugins/Interchange/Runtime/Content/Pipelines/DefaultMaterialXPipeline.uexp" 55
"../../../Engine/Plugins/Interchange/Runtime/Content/Pipelines/DefaultMaterialPipeline.uasset" 56
"../../../Engine/Plugins/Interchange/Runtime/Content/Pipelines/DefaultMaterialPipeline.uexp" 57
"../../../Engine/Plugins/Interchange/Runtime/Content/Pipelines/DefaultGLTFSceneAssetsPipeline.uasset" 58
"../../../Engine/Plugins/Interchange/Runtime/Content/Pipelines/DefaultGLTFSceneAssetsPipeline.uexp" 59
"../../../Engine/Plugins/Interchange/Runtime/Content/Pipelines/DefaultGLTFPipeline.uasset" 60
"../../../Engine/Plugins/Interchange/Runtime/Content/Pipelines/DefaultGLTFPipeline.uexp" 61
"../../../Engine/Plugins/Interchange/Runtime/Content/Pipelines/DefaultGLTFAssetsPipeline.uasset" 62
"../../../Engine/Plugins/Interchange/Runtime/Content/Pipelines/DefaultGLTFAssetsPipeline.uexp" 63
"../../../Engine/Plugins/Interchange/Runtime/Content/Pipelines/DefaultAssetsPipeline.uasset" 64
"../../../Engine/Plugins/Interchange/Runtime/Content/Pipelines/DefaultAssetsPipeline.uexp" 65
"../../../Engine/Plugins/Experimental/Water/Content/Waves/GerstnerWaves_Ocean.uasset" 66
"../../../Engine/Plugins/Experimental/Water/Content/Waves/GerstnerWaves_Ocean.uexp" 67
"../../../Engine/Plugins/Experimental/Water/Content/Waves/GerstnerWaves_Lake.uasset" 68
"../../../Engine/Plugins/Experimental/Water/Content/Waves/GerstnerWaves_Lake.uexp" 69
"../../../Engine/Plugins/Experimental/Water/Content/Materials/MPC/MPC_Water.uasset" 70
"../../../Engine/Plugins/Experimental/Water/Content/Materials/MPC/MPC_Water.uexp" 71
"../../../Engine/Content/MobileResources/HUD/VirtualJoystick_Thumb.uasset" 72
"../../../Engine/Content/MobileResources/HUD/VirtualJoystick_Thumb.uexp" 73
"../../../Engine/Content/MobileResources/HUD/VirtualJoystick_Background.uasset" 74
"../../../Engine/Content/MobileResources/HUD/VirtualJoystick_Background.uexp" 75
"../../../Engine/Content/MobileResources/HUD/DefaultVirtualJoysticks.uasset" 76
"../../../Engine/Content/MobileResources/HUD/DefaultVirtualJoysticks.uexp" 77
"../../../Engine/Content/EngineResources/GradientTexture0.uasset" 78
"../../../Engine/Content/EngineResources/GradientTexture0.uexp" 79
"../../../Engine/Content/EditorResources/S_Actor.ubulk" 80
"../../../Engine/Content/EditorResources/S_Actor.uasset" 81
"../../../Engine/Content/EditorResources/S_Actor.uexp" 82
"../../../Engine/Plugins/NNE/NNEDenoiser/Content/NNEDTOM_Output_Default.uasset" 83
"../../../Engine/Plugins/NNE/NNEDenoiser/Content/NNEDTOM_Output_Default.uexp" 84
"../../../Engine/Plugins/NNE/NNEDenoiser/Content/NNEDTOM_Output_Alpha.uasset" 85
"../../../Engine/Plugins/NNE/NNEDenoiser/Content/NNEDTOM_Output_Alpha.uexp" 86
"../../../Engine/Plugins/NNE/NNEDenoiser/Content/NNEDTIM_ColorAlbedoNormal_Default.uasset" 87
"../../../Engine/Plugins/NNE/NNEDenoiser/Content/NNEDTIM_ColorAlbedoNormal_Default.uexp" 88
"../../../Engine/Plugins/NNE/NNEDenoiser/Content/NNEDTIM_ColorAlbedoNormal_Alpha.uasset" 89
"../../../Engine/Plugins/NNE/NNEDenoiser/Content/NNEDTIM_ColorAlbedoNormal_Alpha.uexp" 90
"../../../Engine/Plugins/NNE/NNEDenoiser/Content/NNEDOM_Output_Default.uasset" 91
"../../../Engine/Plugins/NNE/NNEDenoiser/Content/NNEDOM_Output_Default.uexp" 92
"../../../Engine/Plugins/NNE/NNEDenoiser/Content/NNEDOM_Output_Alpha.uasset" 93
"../../../Engine/Plugins/NNE/NNEDenoiser/Content/NNEDOM_Output_Alpha.uexp" 94
"../../../Engine/Plugins/NNE/NNEDenoiser/Content/NNEDIM_HighQuality_Default.uasset" 95
"../../../Engine/Plugins/NNE/NNEDenoiser/Content/NNEDIM_HighQuality_Default.uexp" 96
"../../../Engine/Plugins/NNE/NNEDenoiser/Content/NNEDIM_HighQuality_Alpha.uasset" 97
"../../../Engine/Plugins/NNE/NNEDenoiser/Content/NNEDIM_HighQuality_Alpha.uexp" 98
"../../../Engine/Plugins/NNE/NNEDenoiser/Content/NNEDIM_ColorAlbedoNormal_Default.uasset" 99
"../../../Engine/Plugins/NNE/NNEDenoiser/Content/NNEDIM_ColorAlbedoNormal_Default.uexp" 100
"../../../Engine/Plugins/NNE/NNEDenoiser/Content/NNEDIM_ColorAlbedoNormal_Alpha.uasset" 101
"../../../Engine/Plugins/NNE/NNEDenoiser/Content/NNEDIM_ColorAlbedoNormal_Alpha.uexp" 102
"../../../Engine/Content/EngineMaterials/PreintegratedSkinBRDF.uasset" 103
"../../../Engine/Content/EngineMaterials/PreintegratedSkinBRDF.uexp" 104
"../../../Engine/Content/EngineMaterials/MiniFont.uasset" 105
"../../../Engine/Content/EngineMaterials/MiniFont.uexp" 106
"../../../Engine/Content/EngineMaterials/FastBlueNoise_vec2_128x128x64.uasset" 107
"../../../Engine/Content/EngineMaterials/FastBlueNoise_vec2_128x128x64.uexp" 108
"../../../Engine/Content/EngineMaterials/FastBlueNoise_scalar_128x128x8.uasset" 109
"../../../Engine/Content/EngineMaterials/FastBlueNoise_scalar_128x128x8.uexp" 110
"../../../Engine/Content/EngineMaterials/FastBlueNoise_scalar_128x128x64.uasset" 111
"../../../Engine/Content/EngineMaterials/FastBlueNoise_scalar_128x128x64.uexp" 112
"../../../Engine/Content/EngineMaterials/DefaultWhiteGrid.ubulk" 113
"../../../Engine/Content/EngineMaterials/DefaultWhiteGrid.uasset" 114
"../../../Engine/Content/EngineMaterials/DefaultWhiteGrid.uexp" 115
"../../../Engine/Content/EngineMaterials/DefaultBokeh.uasset" 116
"../../../Engine/Content/EngineMaterials/DefaultBokeh.uexp" 117
"../../../Engine/Content/EngineMaterials/DefaultBloomKernel.uasset" 118
"../../../Engine/Content/EngineMaterials/DefaultBloomKernel.uexp" 119
"../../../Engine/Content/EngineDamageTypes/DmgTypeBP_Environmental.uasset" 120
"../../../Engine/Content/EngineDamageTypes/DmgTypeBP_Environmental.uexp" 121
"../../../Engine/Content/EditorResources/S_TriggerSphere.uasset" 122
"../../../Engine/Content/EditorResources/S_TriggerSphere.uexp" 123
"../../../Engine/Content/EditorResources/S_TriggerCapsule.uasset" 124
"../../../Engine/Content/EditorResources/S_TriggerCapsule.uexp" 125
"../../../Engine/Content/EditorResources/S_TriggerBox.uasset" 126
"../../../Engine/Content/EditorResources/S_TriggerBox.uexp" 127
"../../../Engine/Content/EditorResources/S_Trigger.ubulk" 128
"../../../Engine/Content/EditorResources/S_Trigger.uasset" 129
"../../../Engine/Content/EditorResources/S_Trigger.uexp" 130
"../../../Engine/Content/EditorResources/S_Solver.ubulk" 131
"../../../Engine/Content/EditorResources/S_Solver.uasset" 132
"../../../Engine/Content/EditorResources/S_Solver.uexp" 133
"../../../Engine/Content/EditorResources/S_BoxReflectionCapture.uasset" 134
"../../../Engine/Content/EditorResources/S_BoxReflectionCapture.uexp" 135
"../../../Engine/Content/EditorResources/BSPVertex.uasset" 136
"../../../Engine/Content/EditorResources/BSPVertex.uexp" 137
"../../../Engine/Content/EditorMaterials/PreviewShadowIndicator.ubulk" 138
"../../../Engine/Content/EditorMaterials/PreviewShadowIndicator.uasset" 139
"../../../Engine/Content/EditorMaterials/PreviewShadowIndicator.uexp" 140
"../../../Engine/Content/EditorMaterials/PreviewShadowIndicatorMaterial.uasset" 141
"../../../Engine/Content/EditorMaterials/PreviewShadowIndicatorMaterial.uexp" 142
"../../../Engine/Content/EditorMaterials/PhAT_UnselectedMaterial.uasset" 143
"../../../Engine/Content/EditorMaterials/PhAT_UnselectedMaterial.uexp" 144
"../../../Engine/Content/EditorMaterials/PhAT_NoCollisionMaterial.uasset" 145
"../../../Engine/Content/EditorMaterials/PhAT_NoCollisionMaterial.uexp" 146
"../../../Engine/Plugins/VirtualProduction/CameraCalibrationCore/Content/Materials/M_DefaultOddSquare.uasset" 147
"../../../Engine/Plugins/VirtualProduction/CameraCalibrationCore/Content/Materials/M_DefaultOddSquare.uexp" 148
"../../../Engine/Plugins/VirtualProduction/CameraCalibrationCore/Content/Materials/M_DefaultEvenSquare.uasset" 149
"../../../Engine/Plugins/VirtualProduction/CameraCalibrationCore/Content/Materials/M_DefaultEvenSquare.uexp" 150
"../../../Engine/Plugins/Runtime/HairStrands/Content/Materials/HairMeshesDefaultMaterial.uasset" 151
"../../../Engine/Plugins/Runtime/HairStrands/Content/Materials/HairMeshesDefaultMaterial.uexp" 152
"../../../Engine/Plugins/Runtime/HairStrands/Content/Materials/HairDefaultMaterial.uasset" 153
"../../../Engine/Plugins/Runtime/HairStrands/Content/Materials/HairDefaultMaterial.uexp" 154
"../../../Engine/Content/Functions/Engine_MaterialFunctions02/Utility/MakeFloat2.uasset" 155
"../../../Engine/Content/Functions/Engine_MaterialFunctions02/Utility/MakeFloat2.uexp" 156
"../../../Engine/Content/Functions/Engine_MaterialFunctions02/Utility/MakeFloat3.uasset" 157
"../../../Engine/Content/Functions/Engine_MaterialFunctions02/Utility/MakeFloat3.uexp" 158
"../../../Engine/Content/EngineMaterials/HairDebugColor.uasset" 159
"../../../Engine/Content/EngineMaterials/HairDebugColor.uexp" 160
"../../../Engine/Content/EngineMaterials/HairColorMap.uasset" 161
"../../../Engine/Content/EngineMaterials/HairColorMap.uexp" 162
"../../../Engine/Plugins/Runtime/HairStrands/Content/Materials/HairGroupColors.uasset" 163
"../../../Engine/Plugins/Runtime/HairStrands/Content/Materials/HairGroupColors.uexp" 164
"../../../Engine/Plugins/Runtime/HairStrands/Content/Materials/HairDebugMaterial.uasset" 165
"../../../Engine/Plugins/Runtime/HairStrands/Content/Materials/HairDebugMaterial.uexp" 166
"../../../Engine/Plugins/Runtime/HairStrands/Content/Materials/HairCardsDefaultMaterial.uasset" 167
"../../../Engine/Plugins/Runtime/HairStrands/Content/Materials/HairCardsDefaultMaterial.uexp" 168
"../../../Engine/Plugins/Runtime/AudioWidgets/Content/Resources/ScrubHandleDown_Clamped.uasset" 169
"../../../Engine/Plugins/Runtime/AudioWidgets/Content/Resources/ScrubHandleDown_Clamped.uexp" 170
"../../../Engine/Plugins/Interchange/Assets/Content/Functions/MX_UsdPreviewSurface.uasset" 171
"../../../Engine/Plugins/Interchange/Assets/Content/Functions/MX_UsdPreviewSurface.uexp" 172
"../../../Engine/Plugins/Interchange/Assets/Content/Functions/MX_UniformEDF.uasset" 173
"../../../Engine/Plugins/Interchange/Assets/Content/Functions/MX_UniformEDF.uexp" 174
"../../../Engine/Plugins/Interchange/Assets/Content/Functions/MX_TranslucentBSDF.uasset" 175
"../../../Engine/Plugins/Interchange/Assets/Content/Functions/MX_TranslucentBSDF.uexp" 176
"../../../Engine/Plugins/Interchange/Assets/Content/Functions/MX_ThinFilmBSDF.uasset" 177
"../../../Engine/Plugins/Interchange/Assets/Content/Functions/MX_ThinFilmBSDF.uexp" 178
"../../../Engine/Plugins/Interchange/Assets/Content/Functions/MX_SurfaceUnlit.uasset" 179
"../../../Engine/Plugins/Interchange/Assets/Content/Functions/MX_SurfaceUnlit.uexp" 180
"../../../Engine/Plugins/Interchange/Assets/Content/Functions/MX_Surface.uasset" 181
"../../../Engine/Plugins/Interchange/Assets/Content/Functions/MX_Surface.uexp" 182
"../../../Engine/Plugins/Interchange/Assets/Content/Functions/MX_SubsurfaceBSDF.uasset" 183
"../../../Engine/Plugins/Interchange/Assets/Content/Functions/MX_SubsurfaceBSDF.uexp" 184
"../../../Engine/Plugins/Interchange/Assets/Content/Functions/MX_SheenBSDF.uasset" 185
"../../../Engine/Plugins/Interchange/Assets/Content/Functions/MX_SheenBSDF.uexp" 186
"../../../Engine/Plugins/Interchange/Assets/Content/Functions/MX_OrenNayarBSDF.uasset" 187
"../../../Engine/Plugins/Interchange/Assets/Content/Functions/MX_OrenNayarBSDF.uexp" 188
"../../../Engine/Plugins/Interchange/Assets/Content/Functions/MF_IridescenceNoLUT.uasset" 189
"../../../Engine/Plugins/Interchange/Assets/Content/Functions/MF_IridescenceNoLUT.uexp" 190
"../../../Engine/Plugins/Interchange/Assets/Content/Functions/MX_StandardSurface.uasset" 191
"../../../Engine/Plugins/Interchange/Assets/Content/Functions/MX_StandardSurface.uexp" 192
"../../../Engine/Plugins/Interchange/Assets/Content/Functions/MX_TransmissionSurface.uasset" 193
"../../../Engine/Plugins/Interchange/Assets/Content/Functions/MX_TransmissionSurface.uexp" 194
"../../../Engine/Plugins/Interchange/Assets/Content/Functions/MX_OpenPBR_Translucent.uasset" 195
"../../../Engine/Plugins/Interchange/Assets/Content/Functions/MX_OpenPBR_Translucent.uexp" 196
"../../../Engine/Plugins/Interchange/Assets/Content/Functions/MX_OpenPBR_Opaque.uasset" 197
"../../../Engine/Plugins/Interchange/Assets/Content/Functions/MX_OpenPBR_Opaque.uexp" 198
"../../../Engine/Plugins/Interchange/Assets/Content/Functions/MX_MeasuredEDF.uasset" 199
"../../../Engine/Plugins/Interchange/Assets/Content/Functions/MX_MeasuredEDF.uexp" 200
"../../../Engine/Plugins/Interchange/Assets/Content/Functions/MX_GeneralizedSchlickBSDF.uasset" 201
"../../../Engine/Plugins/Interchange/Assets/Content/Functions/MX_GeneralizedSchlickBSDF.uexp" 202
"../../../Engine/Plugins/Interchange/Assets/Content/Functions/MX_Displacement.uasset" 203
"../../../Engine/Plugins/Interchange/Assets/Content/Functions/MX_Displacement.uexp" 204
"../../../Engine/Plugins/Interchange/Assets/Content/Functions/MX_DielectricBSDF.uasset" 205
"../../../Engine/Plugins/Interchange/Assets/Content/Functions/MX_DielectricBSDF.uexp" 206
"../../../Engine/Plugins/Interchange/Assets/Content/Functions/MX_ConicalEDF.uasset" 207
"../../../Engine/Plugins/Interchange/Assets/Content/Functions/MX_ConicalEDF.uexp" 208
"../../../Engine/Plugins/Interchange/Assets/Content/Functions/MX_ConductorBSDF.uasset" 209
"../../../Engine/Plugins/Interchange/Assets/Content/Functions/MX_ConductorBSDF.uexp" 210
"../../../Engine/Plugins/Interchange/Assets/Content/Functions/MX_BurleyDiffuseBSDF.uasset" 211
"../../../Engine/Plugins/Interchange/Assets/Content/Functions/MX_BurleyDiffuseBSDF.uexp" 212
"../../../Engine/Plugins/Interchange/Assets/Content/Functions/MX_AnisotropicVDF.uasset" 213
"../../../Engine/Plugins/Interchange/Assets/Content/Functions/MX_AnisotropicVDF.uexp" 214
"../../../Engine/Plugins/Interchange/Assets/Content/Functions/MX_AbsorptionVDF.uasset" 215
"../../../Engine/Plugins/Interchange/Assets/Content/Functions/MX_AbsorptionVDF.uexp" 216
"../../../Engine/Plugins/Experimental/Water/Content/Icons/WaterZoneActorSprite.ubulk" 217
"../../../Engine/Plugins/Experimental/Water/Content/Icons/WaterZoneActorSprite.uasset" 218
"../../../Engine/Plugins/Experimental/Water/Content/Icons/WaterZoneActorSprite.uexp" 219
"../../../Engine/Plugins/Experimental/Water/Content/Icons/WaterSprite.uasset" 220
"../../../Engine/Plugins/Experimental/Water/Content/Icons/WaterSprite.uexp" 221
"../../../Engine/Plugins/Experimental/Water/Content/Icons/WaterLandscapeBrushSprite.ubulk" 222
"../../../Engine/Plugins/Experimental/Water/Content/Icons/WaterLandscapeBrushSprite.uasset" 223
"../../../Engine/Plugins/Experimental/Water/Content/Icons/WaterLandscapeBrushSprite.uexp" 224
"../../../Engine/Plugins/Experimental/Water/Content/Icons/WaterErrorSprite.ubulk" 225
"../../../Engine/Plugins/Experimental/Water/Content/Icons/WaterErrorSprite.uasset" 226
"../../../Engine/Plugins/Experimental/Water/Content/Icons/WaterErrorSprite.uexp" 227
"../../../Engine/Plugins/Experimental/Water/Content/Icons/WaterBodyIslandSprite.uasset" 228
"../../../Engine/Plugins/Experimental/Water/Content/Icons/WaterBodyIslandSprite.uexp" 229
"../../../Engine/Plugins/Experimental/Water/Content/Icons/WaterBodyExclusionVolumeSprite.uasset" 230
"../../../Engine/Plugins/Experimental/Water/Content/Icons/WaterBodyExclusionVolumeSprite.uexp" 231
"../../../Engine/Content/Functions/Engine_MaterialFunctions01/Texturing/FlattenNormal.uasset" 232
"../../../Engine/Content/Functions/Engine_MaterialFunctions01/Texturing/FlattenNormal.uexp" 233
"../../../Engine/Content/EngineMaterials/FlatNormal.uasset" 234
"../../../Engine/Content/EngineMaterials/FlatNormal.uexp" 235
"../../../Engine/Content/EngineResources/WhiteSquareTexture.uasset" 236
"../../../Engine/Content/EngineResources/WhiteSquareTexture.uexp" 237
"../../../Engine/Plugins/Enterprise/DatasmithContent/Content/Materials/SketchUpReference.uasset" 238
"../../../Engine/Plugins/Enterprise/DatasmithContent/Content/Materials/SketchUpReference.uexp" 239
"../../../Engine/Content/Functions/Engine_MaterialFunctions02/Texturing/CustomRotator.uasset" 240
"../../../Engine/Content/Functions/Engine_MaterialFunctions02/Texturing/CustomRotator.uexp" 241
"../../../Engine/Plugins/Enterprise/DatasmithContent/Content/Materials/TileMirrorAxis.uasset" 242
"../../../Engine/Plugins/Enterprise/DatasmithContent/Content/Materials/TileMirrorAxis.uexp" 243
"../../../Engine/Plugins/Enterprise/DatasmithContent/Content/Materials/UVEdit.uasset" 244
"../../../Engine/Plugins/Enterprise/DatasmithContent/Content/Materials/UVEdit.uexp" 245
"../../../Engine/Content/ArtTools/RenderToTexture/Textures/127grey.uasset" 246
"../../../Engine/Content/ArtTools/RenderToTexture/Textures/127grey.uexp" 247
"../../../Engine/Content/Functions/Engine_MaterialFunctions03/Procedurals/NormalFromHeightmap.uasset" 248
"../../../Engine/Content/Functions/Engine_MaterialFunctions03/Procedurals/NormalFromHeightmap.uexp" 249
"../../../Engine/Plugins/Enterprise/DatasmithContent/Content/Materials/RevitReference.uasset" 250
"../../../Engine/Plugins/Enterprise/DatasmithContent/Content/Materials/RevitReference.uexp" 251
"../../../Engine/Plugins/Enterprise/DatasmithContent/Content/Materials/CE_BaseReference.uasset" 252
"../../../Engine/Plugins/Enterprise/DatasmithContent/Content/Materials/CE_BaseReference.uexp" 253
"../../../Engine/Plugins/Enterprise/DatasmithContent/Content/Materials/CE_OpaqueReference.uasset" 254
"../../../Engine/Plugins/Enterprise/DatasmithContent/Content/Materials/CE_OpaqueReference.uexp" 255
"../../../Engine/Plugins/Enterprise/DatasmithContent/Content/Materials/CE_OpacitySimpleReference.uasset" 256
"../../../Engine/Plugins/Enterprise/DatasmithContent/Content/Materials/CE_OpacitySimpleReference.uexp" 257
"../../../Engine/Plugins/Enterprise/DatasmithContent/Content/Materials/CE_OpacityReference.uasset" 258
"../../../Engine/Plugins/Enterprise/DatasmithContent/Content/Materials/CE_OpacityReference.uexp" 259
"../../../Engine/Content/Functions/Engine_MaterialFunctions02/HueShift.uasset" 260
"../../../Engine/Content/Functions/Engine_MaterialFunctions02/HueShift.uexp" 261
"../../../Engine/Content/EditorLandscapeResources/WhiteSquareTexture.uasset" 262
"../../../Engine/Content/EditorLandscapeResources/WhiteSquareTexture.uexp" 263
"../../../Engine/Content/EngineMaterials/DefaultDiffuse.ubulk" 264
"../../../Engine/Content/EngineMaterials/DefaultDiffuse.uasset" 265
"../../../Engine/Content/EngineMaterials/DefaultDiffuse.uexp" 266
"../../../Engine/Plugins/Enterprise/DatasmithContent/Content/Materials/C4DReferenceUV.uasset" 267
"../../../Engine/Plugins/Enterprise/DatasmithContent/Content/Materials/C4DReferenceUV.uexp" 268
"../../../Engine/Content/EngineResources/Black.uasset" 269
"../../../Engine/Content/EngineResources/Black.uexp" 270
"../../../Engine/Content/EngineMaterials/T_Default_Normal.ubulk" 271
"../../../Engine/Content/EngineMaterials/T_Default_Normal.uasset" 272
"../../../Engine/Content/EngineMaterials/T_Default_Normal.uexp" 273
"../../../Engine/Plugins/Enterprise/DatasmithContent/Content/Materials/C4DReference.uasset" 274
"../../../Engine/Plugins/Enterprise/DatasmithContent/Content/Materials/C4DReference.uexp" 275
"../../../Engine/Content/Functions/Engine_MaterialFunctions02/Utility/VectorLength.uasset" 276
"../../../Engine/Content/Functions/Engine_MaterialFunctions02/Utility/VectorLength.uexp" 277
"../../../Engine/Content/Functions/Engine_MaterialFunctions02/Utility/BreakOutFloat3Components.uasset" 278
"../../../Engine/Content/Functions/Engine_MaterialFunctions02/Utility/BreakOutFloat3Components.uexp" 279
"../../../Engine/Content/Functions/Engine_MaterialFunctions02/WorldPositionOffset/ObjectScale.uasset" 280
"../../../Engine/Content/Functions/Engine_MaterialFunctions02/WorldPositionOffset/ObjectScale.uexp" 281
"../../../Engine/Plugins/Editor/SpeedTreeImporter/Content/SpeedTree9/UnpackInteger3.uasset" 282
"../../../Engine/Plugins/Editor/SpeedTreeImporter/Content/SpeedTree9/UnpackInteger3.uexp" 283
"../../../Engine/Plugins/Editor/SpeedTreeImporter/Content/SpeedTree9/UnpackDirection.uasset" 284
"../../../Engine/Plugins/Editor/SpeedTreeImporter/Content/SpeedTree9/UnpackDirection.uexp" 285
"../../../Engine/Content/Functions/Engine_MaterialFunctions02/SafeNormalize.uasset" 286
"../../../Engine/Content/Functions/Engine_MaterialFunctions02/SafeNormalize.uexp" 287
"../../../Engine/Plugins/Editor/SpeedTreeImporter/Content/SpeedTree9/game_wind_noise.ubulk" 288
"../../../Engine/Plugins/Editor/SpeedTreeImporter/Content/SpeedTree9/game_wind_noise.uasset" 289
"../../../Engine/Plugins/Editor/SpeedTreeImporter/Content/SpeedTree9/game_wind_noise.uexp" 290
"../../../Engine/Plugins/Editor/SpeedTreeImporter/Content/SpeedTree9/SpeedTreeWindMotion.uasset" 291
"../../../Engine/Plugins/Editor/SpeedTreeImporter/Content/SpeedTree9/SpeedTreeWindMotion.uexp" 292
"../../../Engine/Content/Functions/Engine_MaterialFunctions02/ObjectLocalBounds.uasset" 293
"../../../Engine/Content/Functions/Engine_MaterialFunctions02/ObjectLocalBounds.uexp" 294
"../../../Engine/Content/Functions/Engine_MaterialFunctions02/UVs/BoundingBoxBased_0-1_UVW.uasset" 295
"../../../Engine/Content/Functions/Engine_MaterialFunctions02/UVs/BoundingBoxBased_0-1_UVW.uexp" 296
"../../../Engine/Plugins/Editor/SpeedTreeImporter/Content/SpeedTree9/SpeedTreeBranchMotion.uasset" 297
"../../../Engine/Plugins/Editor/SpeedTreeImporter/Content/SpeedTree9/SpeedTreeBranchMotion.uexp" 298
"../../../Engine/Plugins/Editor/SpeedTreeImporter/Content/SpeedTree9/SpeedTreeWind.uasset" 299
"../../../Engine/Plugins/Editor/SpeedTreeImporter/Content/SpeedTree9/SpeedTreeWind.uexp" 300
"../../../Engine/Plugins/Editor/SpeedTreeImporter/Content/SpeedTree9/Empty.uasset" 301
"../../../Engine/Plugins/Editor/SpeedTreeImporter/Content/SpeedTree9/Empty.uexp" 302
"../../../Engine/Plugins/Editor/SpeedTreeImporter/Content/SpeedTree9/SpeedTreeCameraFacing.uasset" 303
"../../../Engine/Plugins/Editor/SpeedTreeImporter/Content/SpeedTree9/SpeedTreeCameraFacing.uexp" 304
"../../../Engine/Plugins/Editor/SpeedTreeImporter/Content/SpeedTree9/EmptyNormal.uasset" 305
"../../../Engine/Plugins/Editor/SpeedTreeImporter/Content/SpeedTree9/EmptyNormal.uexp" 306
"../../../Engine/Plugins/Editor/SpeedTreeImporter/Content/SpeedTree9/SpeedTreeMaster.uasset" 307
"../../../Engine/Plugins/Editor/SpeedTreeImporter/Content/SpeedTree9/SpeedTreeMaster.uexp" 308
"../../../Engine/Plugins/Editor/SpeedTreeImporter/Content/SpeedTree9/SpeedTreeBillboard.uasset" 309
"../../../Engine/Plugins/Editor/SpeedTreeImporter/Content/SpeedTree9/SpeedTreeBillboard.uexp" 310
"../../../Engine/Plugins/Editor/SpeedTreeImporter/Content/SpeedTree9/SpeedTreeBillboardMaster.uasset" 311
"../../../Engine/Plugins/Editor/SpeedTreeImporter/Content/SpeedTree9/SpeedTreeBillboardMaster.uexp" 312
"../../../Engine/Content/EditorMaterials/Dataflow/DataflowVertexMaterial.uasset" 313
"../../../Engine/Content/EditorMaterials/Dataflow/DataflowVertexMaterial.uexp" 314
"../../../Engine/Content/EditorMaterials/Dataflow/DataflowTwoSidedVertexMaterial.uasset" 315
"../../../Engine/Content/EditorMaterials/Dataflow/DataflowTwoSidedVertexMaterial.uexp" 316
"../../../Engine/Content/EngineResources/FilmGrains/Marcie_Grain_v3_128_M2_000.uasset" 317
"../../../Engine/Content/EngineResources/FilmGrains/Marcie_Grain_v3_128_M2_000.uexp" 318
"../../../Engine/Content/EngineResources/Development/ZenLogo_64.uasset" 319
"../../../Engine/Content/EngineResources/Development/ZenLogo_64.uexp" 320
"../../../Engine/Content/EngineMaterials/LTC/Sheen_LTC.uasset" 321
"../../../Engine/Content/EngineMaterials/LTC/Sheen_LTC.uexp" 322
"../../../Engine/Content/EngineMaterials/LTC/GGX_LTCMat.uasset" 323
"../../../Engine/Content/EngineMaterials/LTC/GGX_LTCMat.uexp" 324
"../../../Engine/Content/EngineMaterials/LTC/GGX_LTCAmp.uasset" 325
"../../../Engine/Content/EngineMaterials/LTC/GGX_LTCAmp.uexp" 326
"../../../Engine/Content/EngineMaterials/EnergyConservation/Sheen_Energy.uasset" 327
"../../../Engine/Content/EngineMaterials/EnergyConservation/Sheen_Energy.uexp" 328
"../../../Engine/Content/EngineMaterials/EnergyConservation/SheenLegacy_Energy.uasset" 329
"../../../Engine/Content/EngineMaterials/EnergyConservation/SheenLegacy_Energy.uexp" 330
"../../../Engine/Content/EngineMaterials/EnergyConservation/GGX_TransmissionEnergyArray.uasset" 331
"../../../Engine/Content/EngineMaterials/EnergyConservation/GGX_TransmissionEnergyArray.uexp" 332
"../../../Engine/Content/EngineMaterials/EnergyConservation/GGX_ReflectionEnergy.uasset" 333
"../../../Engine/Content/EngineMaterials/EnergyConservation/GGX_ReflectionEnergy.uexp" 334
"../../../Engine/Content/EngineMaterials/EnergyConservation/Diffuse_Energy.uasset" 335
"../../../Engine/Content/EngineMaterials/EnergyConservation/Diffuse_Energy.uexp" 336
"../../../Engine/Content/EditorResources/SequenceRecorder/RecordingIndicator.uasset" 337
"../../../Engine/Content/EditorResources/SequenceRecorder/RecordingIndicator.uexp" 338
"../../../Engine/Content/EditorResources/SequenceRecorder/Countdown.uasset" 339
"../../../Engine/Content/EditorResources/SequenceRecorder/Countdown.uexp" 340
"../../../Engine/Content/EditorMaterials/ParticleSystems/PSysThumbnail_OOD.ubulk" 341
"../../../Engine/Content/EditorMaterials/ParticleSystems/PSysThumbnail_OOD.uasset" 342
"../../../Engine/Content/EditorMaterials/ParticleSystems/PSysThumbnail_OOD.uexp" 343
"../../../Engine/Content/EditorMaterials/ParticleSystems/PSysThumbnail_NoImage.ubulk" 344
"../../../Engine/Content/EditorMaterials/ParticleSystems/PSysThumbnail_NoImage.uasset" 345
"../../../Engine/Content/EditorMaterials/ParticleSystems/PSysThumbnail_NoImage.uexp" 346
"../../../Engine/Content/Functions/Engine_MaterialFunctions02/WorldPositionOffset/LocalPosition.uasset" 347
"../../../Engine/Content/Functions/Engine_MaterialFunctions02/WorldPositionOffset/LocalPosition.uexp" 348
"../../../Engine/Plugins/Enterprise/DatasmithContent/Content/Materials/_common/MaterialFunctions/MF_RotateV2.uasset" 349
"../../../Engine/Plugins/Enterprise/DatasmithContent/Content/Materials/_common/MaterialFunctions/MF_RotateV2.uexp" 350
"../../../Engine/Plugins/Enterprise/DatasmithContent/Content/Materials/_common/MaterialFunctions/MF_Triplanar_Mask.uasset" 351
"../../../Engine/Plugins/Enterprise/DatasmithContent/Content/Materials/_common/MaterialFunctions/MF_Triplanar_Mask.uexp" 352
"../../../Engine/Plugins/Enterprise/DatasmithContent/Content/Materials/_common/MaterialFunctions/MF_TriplanerProj.uasset" 353
"../../../Engine/Plugins/Enterprise/DatasmithContent/Content/Materials/_common/MaterialFunctions/MF_TriplanerProj.uexp" 354
"../../../Engine/Plugins/Enterprise/DatasmithContent/Content/Materials/_common/Textures/T_GenericBrickGlass_M.ubulk" 355
"../../../Engine/Plugins/Enterprise/DatasmithContent/Content/Materials/_common/Textures/T_GenericBrickGlass_M.uasset" 356
"../../../Engine/Plugins/Enterprise/DatasmithContent/Content/Materials/_common/Textures/T_GenericBrickGlass_M.uexp" 357
"../../../Engine/Plugins/Enterprise/DatasmithContent/Content/Materials/_common/MaterialFunctions/MF_TransUVs.uasset" 358
"../../../Engine/Plugins/Enterprise/DatasmithContent/Content/Materials/_common/MaterialFunctions/MF_TransUVs.uexp" 359
"../../../Engine/Plugins/Enterprise/DatasmithContent/Content/Materials/_common/MaterialFunctions/BaseModules/MF_TransformUVs.uasset" 360
"../../../Engine/Plugins/Enterprise/DatasmithContent/Content/Materials/_common/MaterialFunctions/BaseModules/MF_TransformUVs.uexp" 361
"../../../Engine/Content/Functions/Engine_MaterialFunctions02/Math/Transform3x3Matrix.uasset" 362
"../../../Engine/Content/Functions/Engine_MaterialFunctions02/Math/Transform3x3Matrix.uexp" 363
"../../../Engine/Plugins/Enterprise/DatasmithContent/Content/Materials/_common/Textures/T_Generic_N.uasset" 364
"../../../Engine/Plugins/Enterprise/DatasmithContent/Content/Materials/_common/Textures/T_Generic_N.uexp" 365
"../../../Engine/Plugins/Enterprise/DatasmithContent/Content/Materials/_common/MaterialFunctions/MF_Triplanar_NormalsCorrection.uasset" 366
"../../../Engine/Plugins/Enterprise/DatasmithContent/Content/Materials/_common/MaterialFunctions/MF_Triplanar_NormalsCorrection.uexp" 367
"../../../Engine/Plugins/Enterprise/DatasmithContent/Content/Materials/_common/MaterialFunctions/BaseModules/MF_Normals.uasset" 368
"../../../Engine/Plugins/Enterprise/DatasmithContent/Content/Materials/_common/MaterialFunctions/BaseModules/MF_Normals.uexp" 369
"../../../Engine/Plugins/Enterprise/DatasmithContent/Content/Materials/StdTranslucent/MFAttr_StdTranslucent.uasset" 370
"../../../Engine/Plugins/Enterprise/DatasmithContent/Content/Materials/StdTranslucent/MFAttr_StdTranslucent.uexp" 371
"../../../Engine/Plugins/Enterprise/DatasmithContent/Content/Materials/StdTranslucent/M_StdTranslucent.uasset" 372
"../../../Engine/Plugins/Enterprise/DatasmithContent/Content/Materials/StdTranslucent/M_StdTranslucent.uexp" 373
"../../../Engine/Plugins/Enterprise/DatasmithContent/Content/Materials/_common/MaterialFunctions/RayTracing/MF_RTSwitch.uasset" 374
"../../../Engine/Plugins/Enterprise/DatasmithContent/Content/Materials/_common/MaterialFunctions/RayTracing/MF_RTSwitch.uexp" 375
"../../../Engine/Content/Functions/Engine_MaterialFunctions02/Math/InverseTransformMatrix.uasset" 376
"../../../Engine/Content/Functions/Engine_MaterialFunctions02/Math/InverseTransformMatrix.uexp" 377
"../../../Engine/Plugins/Enterprise/DatasmithContent/Content/Materials/_common/MaterialFunctions/MF_ViewTrace_DerivedTan.uasset" 378
"../../../Engine/Plugins/Enterprise/DatasmithContent/Content/Materials/_common/MaterialFunctions/MF_ViewTrace_DerivedTan.uexp" 379
"../../../Engine/Plugins/Enterprise/DatasmithContent/Content/Materials/_common/Textures/T_Generic_E.uasset" 380
"../../../Engine/Plugins/Enterprise/DatasmithContent/Content/Materials/_common/Textures/T_Generic_E.uexp" 381
"../../../Engine/Plugins/Enterprise/DatasmithContent/Content/Materials/_common/MaterialFunctions/BaseModules/MF_Emissive.uasset" 382
"../../../Engine/Plugins/Enterprise/DatasmithContent/Content/Materials/_common/MaterialFunctions/BaseModules/MF_Emissive.uexp" 383
"../../../Engine/Plugins/Enterprise/DatasmithContent/Content/Materials/_common/Textures/T_GenericHalfGray_R.uasset" 384
"../../../Engine/Plugins/Enterprise/DatasmithContent/Content/Materials/_common/Textures/T_GenericHalfGray_R.uexp" 385
"../../../Engine/Plugins/Enterprise/DatasmithContent/Content/Materials/_common/MaterialFunctions/BaseModules/MF_Roughness.uasset" 386
"../../../Engine/Plugins/Enterprise/DatasmithContent/Content/Materials/_common/MaterialFunctions/BaseModules/MF_Roughness.uexp" 387
"../../../Engine/Plugins/Enterprise/DatasmithContent/Content/Materials/_common/Textures/T_Generic_BC.uasset" 388
"../../../Engine/Plugins/Enterprise/DatasmithContent/Content/Materials/_common/Textures/T_Generic_BC.uexp" 389
"../../../Engine/Plugins/Enterprise/DatasmithContent/Content/Materials/_common/Textures/T_Generic_M.uasset" 390
"../../../Engine/Plugins/Enterprise/DatasmithContent/Content/Materials/_common/Textures/T_Generic_M.uexp" 391
"../../../Engine/Plugins/Enterprise/DatasmithContent/Content/Materials/_common/MaterialFunctions/BaseModules/MF_BaseColor.uasset" 392
"../../../Engine/Plugins/Enterprise/DatasmithContent/Content/Materials/_common/MaterialFunctions/BaseModules/MF_BaseColor.uexp" 393
"../../../Engine/Plugins/Enterprise/DatasmithContent/Content/Materials/_common/Textures/T_Generic_H.uasset" 394
"../../../Engine/Plugins/Enterprise/DatasmithContent/Content/Materials/_common/Textures/T_Generic_H.uexp" 395
"../../../Engine/Plugins/Enterprise/DatasmithContent/Content/Materials/_common/MaterialFunctions/MF_ViewTrace_InternalTan.uasset" 396
"../../../Engine/Plugins/Enterprise/DatasmithContent/Content/Materials/_common/MaterialFunctions/MF_ViewTrace_InternalTan.uexp" 397
"../../../Engine/Plugins/Enterprise/DatasmithContent/Content/Materials/_common/MaterialFunctions/BaseModules/MF_ParallaxOcc.uasset" 398
"../../../Engine/Plugins/Enterprise/DatasmithContent/Content/Materials/_common/MaterialFunctions/BaseModules/MF_ParallaxOcc.uexp" 399
"../../../Engine/Plugins/Enterprise/DatasmithContent/Content/Materials/_common/Textures/T_Generic_MT.uasset" 400
"../../../Engine/Plugins/Enterprise/DatasmithContent/Content/Materials/_common/Textures/T_Generic_MT.uexp" 401
"../../../Engine/Plugins/Enterprise/DatasmithContent/Content/Materials/_common/MaterialFunctions/BaseModules/MF_Metallic.uasset" 402
"../../../Engine/Plugins/Enterprise/DatasmithContent/Content/Materials/_common/MaterialFunctions/BaseModules/MF_Metallic.uexp" 403
"../../../Engine/Plugins/Enterprise/DatasmithContent/Content/Materials/StdOpaque/MFAttr_StdOpaque.uasset" 404
"../../../Engine/Plugins/Enterprise/DatasmithContent/Content/Materials/StdOpaque/MFAttr_StdOpaque.uexp" 405
"../../../Engine/Plugins/Enterprise/DatasmithContent/Content/Materials/StdOpaque/M_StdOpaque.uasset" 406
"../../../Engine/Plugins/Enterprise/DatasmithContent/Content/Materials/StdOpaque/M_StdOpaque.uexp" 407
"../../../Engine/Plugins/Enterprise/DatasmithContent/Content/Materials/StdEmissive/MFAttr_Emissive.uasset" 408
"../../../Engine/Plugins/Enterprise/DatasmithContent/Content/Materials/StdEmissive/MFAttr_Emissive.uexp" 409
"../../../Engine/Plugins/Enterprise/DatasmithContent/Content/Materials/StdEmissive/M_StdEmissive.uasset" 410
"../../../Engine/Plugins/Enterprise/DatasmithContent/Content/Materials/StdEmissive/M_StdEmissive.uexp" 411
"../../../Engine/Plugins/Enterprise/DatasmithContent/Content/Materials/StdDecal/MFAttr_Decal.uasset" 412
"../../../Engine/Plugins/Enterprise/DatasmithContent/Content/Materials/StdDecal/MFAttr_Decal.uexp" 413
"../../../Engine/Plugins/Enterprise/DatasmithContent/Content/Materials/StdDecal/M_StdDecal.uasset" 414
"../../../Engine/Plugins/Enterprise/DatasmithContent/Content/Materials/StdDecal/M_StdDecal.uexp" 415
"../../../Engine/Content/EngineMaterials/T_Default_Material_Grid_M.ubulk" 416
"../../../Engine/Content/EngineMaterials/T_Default_Material_Grid_M.uasset" 417
"../../../Engine/Content/EngineMaterials/T_Default_Material_Grid_M.uexp" 418
"../../../Engine/Content/Functions/Engine_MaterialFunctions01/Opacity/CameraDepthFade.uasset" 419
"../../../Engine/Content/Functions/Engine_MaterialFunctions01/Opacity/CameraDepthFade.uexp" 420
"../../../Engine/Content/EngineMaterials/T_Default_Material_Grid_N.ubulk" 421
"../../../Engine/Content/EngineMaterials/T_Default_Material_Grid_N.uasset" 422
"../../../Engine/Content/EngineMaterials/T_Default_Material_Grid_N.uexp" 423
"../../../Engine/Content/EngineMaterials/DefaultMaterial.uasset" 424
"../../../Engine/Content/EngineMaterials/DefaultMaterial.uexp" 425
"../../../Engine/Content/BasicShapes/Sphere.ubulk" 426
"../../../Engine/Content/BasicShapes/Sphere.uasset" 427
"../../../Engine/Content/BasicShapes/Sphere.uexp" 428
"../../../Engine/Content/BasicShapes/BasicShapeMaterial.uasset" 429
"../../../Engine/Content/BasicShapes/BasicShapeMaterial.uexp" 430
"D:/UE5Game - Copy/Content/Assets/UI/T_UI_target.uasset" 431
"D:/UE5Game - Copy/Content/Assets/UI/T_UI_target.uexp" 432
"D:/UE5Game - Copy/Content/Assets/UI/T_UI_targetLocked.uasset" 433
"D:/UE5Game - Copy/Content/Assets/UI/T_UI_targetLocked.uexp" 434
"D:/UE5Game - Copy/Content/Blueprints/Animations/AC_Target.uasset" 435
"D:/UE5Game - Copy/Content/Blueprints/Animations/AC_Target.uexp" 436
"D:/UE5Game - Copy/Content/UI/UW_Target.uasset" 437
"D:/UE5Game - Copy/Content/UI/UW_Target.uexp" 438
"D:/UE5Game - Copy/Content/UI/UW_Stats.uasset" 439
"D:/UE5Game - Copy/Content/UI/UW_Stats.uexp" 440
"D:/UE5Game - Copy/Content/UI/E_UI.uasset" 441
"D:/UE5Game - Copy/Content/UI/E_UI.uexp" 442
"../../../Engine/Content/EngineMaterials/WorldGridMaterial.uasset" 443
"../../../Engine/Content/EngineMaterials/WorldGridMaterial.uexp" 444
"../../../Engine/Content/BasicShapes/Cube.ubulk" 445
"../../../Engine/Content/BasicShapes/Cube.uasset" 446
"../../../Engine/Content/BasicShapes/Cube.uexp" 447
"../../../Engine/Content/EngineMaterials/PhysMat_Rubber.uasset" 448
"../../../Engine/Content/EngineMaterials/PhysMat_Rubber.uexp" 449
"../../../Engine/Plugins/Experimental/Water/Content/DefaultPhysMat.uasset" 450
"../../../Engine/Plugins/Experimental/Water/Content/DefaultPhysMat.uexp" 451
"D:/UE5Game - Copy/Content/UI/Effects/E_EffectAction.uasset" 452
"D:/UE5Game - Copy/Content/UI/Effects/E_EffectAction.uexp" 453
"D:/UE5Game - Copy/Content/UI/Effects/UW_EffectBar.uasset" 454
"D:/UE5Game - Copy/Content/UI/Effects/UW_EffectBar.uexp" 455
"D:/UE5Game - Copy/Content/UI/Effects/UW_BarsHolder.uasset" 456
"D:/UE5Game - Copy/Content/UI/Effects/UW_BarsHolder.uexp" 457
"D:/UE5Game - Copy/Content/Blueprints/SkillSystem/Bars/_AEB_EffectBarBase.uasset" 458
"D:/UE5Game - Copy/Content/Blueprints/SkillSystem/Bars/_AEB_EffectBarBase.uexp" 459
"D:/UE5Game - Copy/Content/Blueprints/SkillSystem/S_Attribute.uasset" 460
"D:/UE5Game - Copy/Content/Blueprints/SkillSystem/S_Attribute.uexp" 461
"D:/UE5Game - Copy/Content/Blueprints/SkillSystem/Buffs/_ASB_Buff.uasset" 462
"D:/UE5Game - Copy/Content/Blueprints/SkillSystem/Buffs/_ASB_Buff.uexp" 463
"D:/UE5Game - Copy/Content/Blueprints/SkillSystem/Buffs/S_BuffsArray.uasset" 464
"D:/UE5Game - Copy/Content/Blueprints/SkillSystem/Buffs/S_BuffsArray.uexp" 465
"D:/UE5Game - Copy/Content/Blueprints/SkillSystem/Buffs/S_BuffsMap.uasset" 466
"D:/UE5Game - Copy/Content/Blueprints/SkillSystem/Buffs/S_BuffsMap.uexp" 467
"D:/UE5Game - Copy/Content/Blueprints/SkillSystem/Effects/_A_EffectBase.uasset" 468
"D:/UE5Game - Copy/Content/Blueprints/SkillSystem/Effects/_A_EffectBase.uexp" 469
"D:/UE5Game - Copy/Content/Blueprints/Animations/AC_AnimationManager.uasset" 470
"D:/UE5Game - Copy/Content/Blueprints/Animations/AC_AnimationManager.uexp" 471
"D:/UE5Game - Copy/Content/Blueprints/SkillSystem/A_SkillBase.uasset" 472
"D:/UE5Game - Copy/Content/Blueprints/SkillSystem/A_SkillBase.uexp" 473
"D:/UE5Game - Copy/Content/Data/BaseData/E_Hands.uasset" 474
"D:/UE5Game - Copy/Content/Data/BaseData/E_Hands.uexp" 475
"D:/UE5Game - Copy/Content/Data/BaseData/E_ItemOnBodySlot.uasset" 476
"D:/UE5Game - Copy/Content/Data/BaseData/E_ItemOnBodySlot.uexp" 477
"D:/UE5Game - Copy/Content/Data/BaseData/E_ObjectType.uasset" 478
"D:/UE5Game - Copy/Content/Data/BaseData/E_ObjectType.uexp" 479
"D:/UE5Game - Copy/Content/Data/BaseData/E_Tier.uasset" 480
"D:/UE5Game - Copy/Content/Data/BaseData/E_Tier.uexp" 481
"D:/UE5Game - Copy/Content/Blueprints/SkillSystem/E_SkillSource.uasset" 482
"D:/UE5Game - Copy/Content/Blueprints/SkillSystem/E_SkillSource.uexp" 483
"D:/UE5Game - Copy/Content/Player/CameraShake/S_CameraShake.uasset" 484
"D:/UE5Game - Copy/Content/Player/CameraShake/S_CameraShake.uexp" 485
"D:/UE5Game - Copy/Content/Player/CameraShake/E_CameraShake.uasset" 486
"D:/UE5Game - Copy/Content/Player/CameraShake/E_CameraShake.uexp" 487
"D:/UE5Game - Copy/Content/Player/CameraShake/BP_CameraShakeWeak.uasset" 488
"D:/UE5Game - Copy/Content/Player/CameraShake/BP_CameraShakeWeak.uexp" 489
"D:/UE5Game - Copy/Content/Player/CameraShake/BP_CameraShakeStrong.uasset" 490
"D:/UE5Game - Copy/Content/Player/CameraShake/BP_CameraShakeStrong.uexp" 491
"D:/UE5Game - Copy/Content/Player/CameraShake/BP_CameraShake.uasset" 492
"D:/UE5Game - Copy/Content/Player/CameraShake/BP_CameraShake.uexp" 493
"D:/UE5Game - Copy/Content/Player/CameraShake/DT_CameraShake.uasset" 494
"D:/UE5Game - Copy/Content/Player/CameraShake/DT_CameraShake.uexp" 495
"D:/UE5Game - Copy/Content/Blueprints/SkillSystem/Costs/O_CostBase.uasset" 496
"D:/UE5Game - Copy/Content/Blueprints/SkillSystem/Costs/O_CostBase.uexp" 497
"D:/UE5Game - Copy/Content/Assets/Sounds/SA_FadeOut.uasset" 498
"D:/UE5Game - Copy/Content/Assets/Sounds/SA_FadeOut.uexp" 499
"D:/UE5Game - Copy/Content/Blueprints/SkillSystem/Skills/A_Skill.uasset" 500
"D:/UE5Game - Copy/Content/Blueprints/SkillSystem/Skills/A_Skill.uexp" 501
"D:/UE5Game - Copy/Content/Blueprints/Entities/BPI_Interact.uasset" 502
"D:/UE5Game - Copy/Content/Blueprints/Entities/BPI_Interact.uexp" 503
"D:/UE5Game - Copy/Content/Blueprints/SaveLoad/Skill/S_SAVE_BAR.uasset" 504
"D:/UE5Game - Copy/Content/Blueprints/SaveLoad/Skill/S_SAVE_BAR.uexp" 505
"D:/UE5Game - Copy/Content/Blueprints/SaveLoad/Skill/S_SAVE_BUFF.uasset" 506
"D:/UE5Game - Copy/Content/Blueprints/SaveLoad/Skill/S_SAVE_BUFF.uexp" 507
"D:/UE5Game - Copy/Content/Data/Skills/S_Effect.uasset" 508
"D:/UE5Game - Copy/Content/Data/Skills/S_Effect.uexp" 509
"D:/UE5Game - Copy/Content/Data/Enitites/S_SkillCompData.uasset" 510
"D:/UE5Game - Copy/Content/Data/Enitites/S_SkillCompData.uexp" 511
"D:/UE5Game - Copy/Content/Blueprints/SkillSystem/Buffs/ASB_BaseMinMax.uasset" 512
"D:/UE5Game - Copy/Content/Blueprints/SkillSystem/Buffs/ASB_BaseMinMax.uexp" 513
"D:/UE5Game - Copy/Content/Blueprints/SkillSystem/BFL_SkillsHelper.uasset" 514
"D:/UE5Game - Copy/Content/Blueprints/SkillSystem/BFL_SkillsHelper.uexp" 515
"D:/UE5Game - Copy/Content/Blueprints/SaveLoad/Base/S_SAVE_DATA_ITEM.uasset" 516
"D:/UE5Game - Copy/Content/Blueprints/SaveLoad/Base/S_SAVE_DATA_ITEM.uexp" 517
"D:/UE5Game - Copy/Content/Blueprints/SkillSystem/Skills/Attack/E_ParryType.uasset" 518
"D:/UE5Game - Copy/Content/Blueprints/SkillSystem/Skills/Attack/E_ParryType.uexp" 519
"D:/UE5Game - Copy/Content/Data/S_CompWeapon.uasset" 520
"D:/UE5Game - Copy/Content/Data/S_CompWeapon.uexp" 521
"D:/UE5Game - Copy/Content/Data/BaseData/S_AllDataItem.uasset" 522
"D:/UE5Game - Copy/Content/Data/BaseData/S_AllDataItem.uexp" 523
"D:/UE5Game - Copy/Content/Assets/Textures/Blocks/Buildings/BaseBlocks/T_wood.uasset" 524
"D:/UE5Game - Copy/Content/Assets/Textures/Blocks/Buildings/BaseBlocks/T_wood.uexp" 525
"../../../Engine/Content/Functions/Engine_MaterialFunctions03/Procedurals/PerturbNormalHQ.uasset" 526
"../../../Engine/Content/Functions/Engine_MaterialFunctions03/Procedurals/PerturbNormalHQ.uexp" 527
"../../../Engine/Content/Functions/Engine_MaterialFunctions03/Procedurals/PreparePerturbNormalHQ.uasset" 528
"../../../Engine/Content/Functions/Engine_MaterialFunctions03/Procedurals/PreparePerturbNormalHQ.uexp" 529
"D:/UE5Game - Copy/Content/Assets/Materials/M_Wood.uasset" 530
"D:/UE5Game - Copy/Content/Assets/Materials/M_Wood.uexp" 531
"D:/UE5Game - Copy/Content/Assets/Textures/Equipment/T_GoldArmour.ubulk" 532
"D:/UE5Game - Copy/Content/Assets/Textures/Equipment/T_GoldArmour.uasset" 533
"D:/UE5Game - Copy/Content/Assets/Textures/Equipment/T_GoldArmour.uexp" 534
"D:/UE5Game - Copy/Content/Assets/Materials/_M_MetalicItem.uasset" 535
"D:/UE5Game - Copy/Content/Assets/Materials/_M_MetalicItem.uexp" 536
"D:/UE5Game - Copy/Content/Assets/Icons/Items/Weapon/ICON_Automat.uasset" 537
"D:/UE5Game - Copy/Content/Assets/Icons/Items/Weapon/ICON_Automat.uexp" 538
"D:/UE5Game - Copy/Content/Assets/Icons/Items/Weapon/ICON_bazooka.uasset" 539
"D:/UE5Game - Copy/Content/Assets/Icons/Items/Weapon/ICON_bazooka.uexp" 540
"D:/UE5Game - Copy/Content/Assets/Icons/Items/Weapon/ICON_Bow.uasset" 541
"D:/UE5Game - Copy/Content/Assets/Icons/Items/Weapon/ICON_Bow.uexp" 542
"D:/UE5Game - Copy/Content/Assets/Icons/Items/Weapon/ICON_gun.uasset" 543
"D:/UE5Game - Copy/Content/Assets/Icons/Items/Weapon/ICON_gun.uexp" 544
"D:/UE5Game - Copy/Content/Assets/Icons/Items/Weapon/ICON_iron_spear.uasset" 545
"D:/UE5Game - Copy/Content/Assets/Icons/Items/Weapon/ICON_iron_spear.uexp" 546
"D:/UE5Game - Copy/Content/Assets/Icons/Items/Weapon/ICON_iron_sword.uasset" 547
"D:/UE5Game - Copy/Content/Assets/Icons/Items/Weapon/ICON_iron_sword.uexp" 548
"D:/UE5Game - Copy/Content/Assets/Icons/Items/Weapon/ICON_iron_sword_one_hand.uasset" 549
"D:/UE5Game - Copy/Content/Assets/Icons/Items/Weapon/ICON_iron_sword_one_hand.uexp" 550
"D:/UE5Game - Copy/Content/Assets/Icons/Items/Weapon/ICON_iron_sword_two_hands.uasset" 551
"D:/UE5Game - Copy/Content/Assets/Icons/Items/Weapon/ICON_iron_sword_two_hands.uexp" 552
"D:/UE5Game - Copy/Content/Assets/Icons/Items/Weapon/ICON_IronRapier.uasset" 553
"D:/UE5Game - Copy/Content/Assets/Icons/Items/Weapon/ICON_IronRapier.uexp" 554
"D:/UE5Game - Copy/Content/Assets/Icons/Items/Weapon/ICON_IronShield.uasset" 555
"D:/UE5Game - Copy/Content/Assets/Icons/Items/Weapon/ICON_IronShield.uexp" 556
"D:/UE5Game - Copy/Content/Assets/Icons/Items/Weapon/ICON_knife.uasset" 557
"D:/UE5Game - Copy/Content/Assets/Icons/Items/Weapon/ICON_knife.uexp" 558
"D:/UE5Game - Copy/Content/Assets/Icons/Items/Weapon/ICON_ShortGun.uasset" 559
"D:/UE5Game - Copy/Content/Assets/Icons/Items/Weapon/ICON_ShortGun.uexp" 560
"D:/UE5Game - Copy/Content/Assets/Models/Weapon/SM_Automat.ubulk" 561
"D:/UE5Game - Copy/Content/Assets/Models/Weapon/SM_Automat.uasset" 562
"D:/UE5Game - Copy/Content/Assets/Models/Weapon/SM_Automat.uexp" 563
"D:/UE5Game - Copy/Content/Assets/Models/Weapon/SM_Bazooka.ubulk" 564
"D:/UE5Game - Copy/Content/Assets/Models/Weapon/SM_Bazooka.uasset" 565
"D:/UE5Game - Copy/Content/Assets/Models/Weapon/SM_Bazooka.uexp" 566
"D:/UE5Game - Copy/Content/Assets/Models/Weapon/SM_Bow.ubulk" 567
"D:/UE5Game - Copy/Content/Assets/Models/Weapon/SM_Bow.uasset" 568
"D:/UE5Game - Copy/Content/Assets/Models/Weapon/SM_Bow.uexp" 569
"D:/UE5Game - Copy/Content/Assets/Models/Weapon/SM_Gun.ubulk" 570
"D:/UE5Game - Copy/Content/Assets/Models/Weapon/SM_Gun.uasset" 571
"D:/UE5Game - Copy/Content/Assets/Models/Weapon/SM_Gun.uexp" 572
"D:/UE5Game - Copy/Content/Assets/Models/Weapon/SM_Knife.ubulk" 573
"D:/UE5Game - Copy/Content/Assets/Models/Weapon/SM_Knife.uasset" 574
"D:/UE5Game - Copy/Content/Assets/Models/Weapon/SM_Knife.uexp" 575
"D:/UE5Game - Copy/Content/Assets/Models/Weapon/SM_LongSword.ubulk" 576
"D:/UE5Game - Copy/Content/Assets/Models/Weapon/SM_LongSword.uasset" 577
"D:/UE5Game - Copy/Content/Assets/Models/Weapon/SM_LongSword.uexp" 578
"D:/UE5Game - Copy/Content/Assets/Models/Weapon/SM_Rapier.ubulk" 579
"D:/UE5Game - Copy/Content/Assets/Models/Weapon/SM_Rapier.uasset" 580
"D:/UE5Game - Copy/Content/Assets/Models/Weapon/SM_Rapier.uexp" 581
"D:/UE5Game - Copy/Content/Assets/Models/Weapon/SM_Shield5.ubulk" 582
"D:/UE5Game - Copy/Content/Assets/Models/Weapon/SM_Shield5.uasset" 583
"D:/UE5Game - Copy/Content/Assets/Models/Weapon/SM_Shield5.uexp" 584
"D:/UE5Game - Copy/Content/Assets/Models/Weapon/SM_ShortGun.ubulk" 585
"D:/UE5Game - Copy/Content/Assets/Models/Weapon/SM_ShortGun.uasset" 586
"D:/UE5Game - Copy/Content/Assets/Models/Weapon/SM_ShortGun.uexp" 587
"D:/UE5Game - Copy/Content/Assets/Models/Weapon/SM_Spear.ubulk" 588
"D:/UE5Game - Copy/Content/Assets/Models/Weapon/SM_Spear.uasset" 589
"D:/UE5Game - Copy/Content/Assets/Models/Weapon/SM_Spear.uexp" 590
"D:/UE5Game - Copy/Content/Assets/Models/Weapon/SM_Sword.ubulk" 591
"D:/UE5Game - Copy/Content/Assets/Models/Weapon/SM_Sword.uasset" 592
"D:/UE5Game - Copy/Content/Assets/Models/Weapon/SM_Sword.uexp" 593
"D:/UE5Game - Copy/Content/Assets/Models/Weapon/SM_Sword1.ubulk" 594
"D:/UE5Game - Copy/Content/Assets/Models/Weapon/SM_Sword1.uasset" 595
"D:/UE5Game - Copy/Content/Assets/Models/Weapon/SM_Sword1.uexp" 596
"D:/UE5Game - Copy/Content/Assets/Sounds/Weapon/SM_EquipKnife.ubulk" 597
"D:/UE5Game - Copy/Content/Assets/Sounds/Weapon/SM_EquipKnife.uasset" 598
"D:/UE5Game - Copy/Content/Assets/Sounds/Weapon/SM_EquipKnife.uexp" 599
"D:/UE5Game - Copy/Content/Assets/Sounds/Weapon/SW_GunInHand1.ubulk" 600
"D:/UE5Game - Copy/Content/Assets/Sounds/Weapon/SW_GunInHand1.uasset" 601
"D:/UE5Game - Copy/Content/Assets/Sounds/Weapon/SW_GunInHand1.uexp" 602
"D:/UE5Game - Copy/Content/Assets/Sounds/Weapon/SW_GunInHand2.ubulk" 603
"D:/UE5Game - Copy/Content/Assets/Sounds/Weapon/SW_GunInHand2.uasset" 604
"D:/UE5Game - Copy/Content/Assets/Sounds/Weapon/SW_GunInHand2.uexp" 605
"D:/UE5Game - Copy/Content/Assets/Sounds/Weapon/SW_GunInHand3.ubulk" 606
"D:/UE5Game - Copy/Content/Assets/Sounds/Weapon/SW_GunInHand3.uasset" 607
"D:/UE5Game - Copy/Content/Assets/Sounds/Weapon/SW_GunInHand3.uexp" 608
"D:/UE5Game - Copy/Content/Assets/Sounds/Weapon/SW_Shield1.ubulk" 609
"D:/UE5Game - Copy/Content/Assets/Sounds/Weapon/SW_Shield1.uasset" 610
"D:/UE5Game - Copy/Content/Assets/Sounds/Weapon/SW_Shield1.uexp" 611
"D:/UE5Game - Copy/Content/Assets/Sounds/Weapon/SW_Shield2.ubulk" 612
"D:/UE5Game - Copy/Content/Assets/Sounds/Weapon/SW_Shield2.uasset" 613
"D:/UE5Game - Copy/Content/Assets/Sounds/Weapon/SW_Shield2.uexp" 614
"D:/UE5Game - Copy/Content/Assets/Sounds/Weapon/SW_Spear1.ubulk" 615
"D:/UE5Game - Copy/Content/Assets/Sounds/Weapon/SW_Spear1.uasset" 616
"D:/UE5Game - Copy/Content/Assets/Sounds/Weapon/SW_Spear1.uexp" 617
"D:/UE5Game - Copy/Content/Assets/Sounds/Weapon/SW_Spear2.ubulk" 618
"D:/UE5Game - Copy/Content/Assets/Sounds/Weapon/SW_Spear2.uasset" 619
"D:/UE5Game - Copy/Content/Assets/Sounds/Weapon/SW_Spear2.uexp" 620
"D:/UE5Game - Copy/Content/Assets/Sounds/Weapon/SW_Spear3.ubulk" 621
"D:/UE5Game - Copy/Content/Assets/Sounds/Weapon/SW_Spear3.uasset" 622
"D:/UE5Game - Copy/Content/Assets/Sounds/Weapon/SW_Spear3.uexp" 623
"D:/UE5Game - Copy/Content/Assets/Sounds/Weapon/SW_Sword1.ubulk" 624
"D:/UE5Game - Copy/Content/Assets/Sounds/Weapon/SW_Sword1.uasset" 625
"D:/UE5Game - Copy/Content/Assets/Sounds/Weapon/SW_Sword1.uexp" 626
"D:/UE5Game - Copy/Content/Assets/Sounds/Weapon/SW_Sword2.ubulk" 627
"D:/UE5Game - Copy/Content/Assets/Sounds/Weapon/SW_Sword2.uasset" 628
"D:/UE5Game - Copy/Content/Assets/Sounds/Weapon/SW_Sword2.uexp" 629
"D:/UE5Game - Copy/Content/Assets/Sounds/Weapon/SW_Sword3.ubulk" 630
"D:/UE5Game - Copy/Content/Assets/Sounds/Weapon/SW_Sword3.uasset" 631
"D:/UE5Game - Copy/Content/Assets/Sounds/Weapon/SW_Sword3.uexp" 632
"D:/UE5Game - Copy/Content/Assets/Textures/Weapon/T_Automat.uasset" 633
"D:/UE5Game - Copy/Content/Assets/Textures/Weapon/T_Automat.uexp" 634
"D:/UE5Game - Copy/Content/Assets/Textures/Weapon/T_bazooka.uasset" 635
"D:/UE5Game - Copy/Content/Assets/Textures/Weapon/T_bazooka.uexp" 636
"D:/UE5Game - Copy/Content/Assets/Textures/Weapon/T_bow.uasset" 637
"D:/UE5Game - Copy/Content/Assets/Textures/Weapon/T_bow.uexp" 638
"D:/UE5Game - Copy/Content/Assets/Textures/Weapon/T_Gun.uasset" 639
"D:/UE5Game - Copy/Content/Assets/Textures/Weapon/T_Gun.uexp" 640
"D:/UE5Game - Copy/Content/Assets/Textures/Weapon/T_iron_knife.uasset" 641
"D:/UE5Game - Copy/Content/Assets/Textures/Weapon/T_iron_knife.uexp" 642
"D:/UE5Game - Copy/Content/Assets/Textures/Weapon/T_iron_rapier.uasset" 643
"D:/UE5Game - Copy/Content/Assets/Textures/Weapon/T_iron_rapier.uexp" 644
"D:/UE5Game - Copy/Content/Assets/Textures/Weapon/T_iron_spear.uasset" 645
"D:/UE5Game - Copy/Content/Assets/Textures/Weapon/T_iron_spear.uexp" 646
"D:/UE5Game - Copy/Content/Assets/Textures/Weapon/T_iron_sword_one_hand.uasset" 647
"D:/UE5Game - Copy/Content/Assets/Textures/Weapon/T_iron_sword_one_hand.uexp" 648
"D:/UE5Game - Copy/Content/Assets/Textures/Weapon/T_iron_sword_two_hands.uasset" 649
"D:/UE5Game - Copy/Content/Assets/Textures/Weapon/T_iron_sword_two_hands.uexp" 650
"D:/UE5Game - Copy/Content/Assets/Textures/Weapon/T_IronShield.uasset" 651
"D:/UE5Game - Copy/Content/Assets/Textures/Weapon/T_IronShield.uexp" 652
"D:/UE5Game - Copy/Content/Assets/Textures/Weapon/T_IronSword.uasset" 653
"D:/UE5Game - Copy/Content/Assets/Textures/Weapon/T_IronSword.uexp" 654
"D:/UE5Game - Copy/Content/Assets/Textures/Weapon/T_ShortGun.uasset" 655
"D:/UE5Game - Copy/Content/Assets/Textures/Weapon/T_ShortGun.uexp" 656
"D:/UE5Game - Copy/Content/Blueprints/Items/Weapon/BP_Weapon.uasset" 657
"D:/UE5Game - Copy/Content/Blueprints/Items/Weapon/BP_Weapon.uexp" 658
"D:/UE5Game - Copy/Content/Assets/Models/Weapon/SM_LongSword2.ubulk" 659
"D:/UE5Game - Copy/Content/Assets/Models/Weapon/SM_LongSword2.uasset" 660
"D:/UE5Game - Copy/Content/Assets/Models/Weapon/SM_LongSword2.uexp" 661
"D:/UE5Game - Copy/Content/Blueprints/Items/Weapon/BP_GreatSword.uasset" 662
"D:/UE5Game - Copy/Content/Blueprints/Items/Weapon/BP_GreatSword.uexp" 663
"D:/UE5Game - Copy/Content/Blueprints/Items/Weapon/BP_Knife.uasset" 664
"D:/UE5Game - Copy/Content/Blueprints/Items/Weapon/BP_Knife.uexp" 665
"D:/UE5Game - Copy/Content/Blueprints/Items/Weapon/BP_Rapier.uasset" 666
"D:/UE5Game - Copy/Content/Blueprints/Items/Weapon/BP_Rapier.uexp" 667
"D:/UE5Game - Copy/Content/Blueprints/Items/Weapon/BP_Shield.uasset" 668
"D:/UE5Game - Copy/Content/Blueprints/Items/Weapon/BP_Shield.uexp" 669
"D:/UE5Game - Copy/Content/Blueprints/Items/Weapon/BP_ShortSword.uasset" 670
"D:/UE5Game - Copy/Content/Blueprints/Items/Weapon/BP_ShortSword.uexp" 671
"D:/UE5Game - Copy/Content/Blueprints/Items/Weapon/BP_Spear.uasset" 672
"D:/UE5Game - Copy/Content/Blueprints/Items/Weapon/BP_Spear.uexp" 673
"D:/UE5Game - Copy/Content/Blueprints/Items/Weapon/BP_Sword.uasset" 674
"D:/UE5Game - Copy/Content/Blueprints/Items/Weapon/BP_Sword.uexp" 675
"D:/UE5Game - Copy/Content/Assets/Textures/VFX/T_VFX_gun.uasset" 676
"D:/UE5Game - Copy/Content/Assets/Textures/VFX/T_VFX_gun.uexp" 677
"D:/UE5Game - Copy/Content/Assets/Textures/VFX/T_VFX_gun_Sprite_0.uasset" 678
"D:/UE5Game - Copy/Content/Assets/Textures/VFX/T_VFX_gun_Sprite_0.uexp" 679
"D:/UE5Game - Copy/Content/Assets/Textures/VFX/T_VFX_gun_Sprite_1.uasset" 680
"D:/UE5Game - Copy/Content/Assets/Textures/VFX/T_VFX_gun_Sprite_1.uexp" 681
"D:/UE5Game - Copy/Content/Assets/Textures/VFX/T_VFX_gun_Sprite_2.uasset" 682
"D:/UE5Game - Copy/Content/Assets/Textures/VFX/T_VFX_gun_Sprite_2.uexp" 683
"D:/UE5Game - Copy/Content/Assets/Textures/VFX/T_VFX_gun_Sprite_3.uasset" 684
"D:/UE5Game - Copy/Content/Assets/Textures/VFX/T_VFX_gun_Sprite_3.uexp" 685
"D:/UE5Game - Copy/Content/VFX/PF_GunFire.uasset" 686
"D:/UE5Game - Copy/Content/VFX/PF_GunFire.uexp" 687
"D:/UE5Game - Copy/Content/Assets/Models/Equipment/SM_Helmet.ubulk" 688
"D:/UE5Game - Copy/Content/Assets/Models/Equipment/SM_Helmet.uasset" 689
"D:/UE5Game - Copy/Content/Assets/Models/Equipment/SM_Helmet.uexp" 690
"D:/UE5Game - Copy/Content/Assets/Icons/Items/Equipment/ICON_iron_helmet.uasset" 691
"D:/UE5Game - Copy/Content/Assets/Icons/Items/Equipment/ICON_iron_helmet.uexp" 692
"D:/UE5Game - Copy/Content/Assets/Icons/Items/Equipment/ICON_iron_armour.uasset" 693
"D:/UE5Game - Copy/Content/Assets/Icons/Items/Equipment/ICON_iron_armour.uexp" 694
"D:/UE5Game - Copy/Content/Assets/Materials/M_Wool.uasset" 695
"D:/UE5Game - Copy/Content/Assets/Materials/M_Wool.uexp" 696
"D:/UE5Game - Copy/Content/Assets/Textures/Blocks/Buildings/Furniture/T_FloorFabric.uasset" 697
"D:/UE5Game - Copy/Content/Assets/Textures/Blocks/Buildings/Furniture/T_FloorFabric.uexp" 698
"D:/UE5Game - Copy/Content/Assets/Materials/MI_Fabric.uasset" 699
"D:/UE5Game - Copy/Content/Assets/Materials/MI_Fabric.uexp" 700
"D:/UE5Game - Copy/Content/Assets/Models/Equipment/SM_BodyTop.ubulk" 701
"D:/UE5Game - Copy/Content/Assets/Models/Equipment/SM_BodyTop.uasset" 702
"D:/UE5Game - Copy/Content/Assets/Models/Equipment/SM_BodyTop.uexp" 703
"D:/UE5Game - Copy/Content/Assets/Models/Equipment/SM_Ring.ubulk" 704
"D:/UE5Game - Copy/Content/Assets/Models/Equipment/SM_Ring.uasset" 705
"D:/UE5Game - Copy/Content/Assets/Models/Equipment/SM_Ring.uexp" 706
"D:/UE5Game - Copy/Content/Assets/Textures/Equipment/T_camo_Set.ubulk" 707
"D:/UE5Game - Copy/Content/Assets/Textures/Equipment/T_camo_Set.uasset" 708
"D:/UE5Game - Copy/Content/Assets/Textures/Equipment/T_camo_Set.uexp" 709
"D:/UE5Game - Copy/Content/Assets/Textures/Equipment/T_IronArmour.uasset" 710
"D:/UE5Game - Copy/Content/Assets/Textures/Equipment/T_IronArmour.uexp" 711
"D:/UE5Game - Copy/Content/Assets/Textures/Equipment/T_Old_IronBody.ubulk" 712
"D:/UE5Game - Copy/Content/Assets/Textures/Equipment/T_Old_IronBody.uasset" 713
"D:/UE5Game - Copy/Content/Assets/Textures/Equipment/T_Old_IronBody.uexp" 714
"D:/UE5Game - Copy/Content/Assets/Icons/Items/Equipment/ICON_camo_armour.uasset" 715
"D:/UE5Game - Copy/Content/Assets/Icons/Items/Equipment/ICON_camo_armour.uexp" 716
"D:/UE5Game - Copy/Content/Assets/Icons/Items/Equipment/ICON_camo_arms.uasset" 717
"D:/UE5Game - Copy/Content/Assets/Icons/Items/Equipment/ICON_camo_arms.uexp" 718
"D:/UE5Game - Copy/Content/Assets/Icons/Items/Equipment/ICON_camo_helmet.uasset" 719
"D:/UE5Game - Copy/Content/Assets/Icons/Items/Equipment/ICON_camo_helmet.uexp" 720
"D:/UE5Game - Copy/Content/Assets/Icons/Items/Equipment/ICON_camo_legs.uasset" 721
"D:/UE5Game - Copy/Content/Assets/Icons/Items/Equipment/ICON_camo_legs.uexp" 722
"D:/UE5Game - Copy/Content/Assets/Icons/Items/Equipment/ICON_camo_shoulders.uasset" 723
"D:/UE5Game - Copy/Content/Assets/Icons/Items/Equipment/ICON_camo_shoulders.uexp" 724
"D:/UE5Game - Copy/Content/Assets/Icons/Items/Equipment/ICON_camo_trousers.uasset" 725
"D:/UE5Game - Copy/Content/Assets/Icons/Items/Equipment/ICON_camo_trousers.uexp" 726
"D:/UE5Game - Copy/Content/Assets/Icons/Items/Equipment/ICON_gold_amulet.uasset" 727
"D:/UE5Game - Copy/Content/Assets/Icons/Items/Equipment/ICON_gold_amulet.uexp" 728
"D:/UE5Game - Copy/Content/Assets/Icons/Items/Equipment/ICON_gold_arm.uasset" 729
"D:/UE5Game - Copy/Content/Assets/Icons/Items/Equipment/ICON_gold_arm.uexp" 730
"D:/UE5Game - Copy/Content/Assets/Icons/Items/Equipment/ICON_gold_armour.uasset" 731
"D:/UE5Game - Copy/Content/Assets/Icons/Items/Equipment/ICON_gold_armour.uexp" 732
"D:/UE5Game - Copy/Content/Assets/Icons/Items/Equipment/ICON_gold_helmet.uasset" 733
"D:/UE5Game - Copy/Content/Assets/Icons/Items/Equipment/ICON_gold_helmet.uexp" 734
"D:/UE5Game - Copy/Content/Assets/Icons/Items/Equipment/ICON_gold_leg.uasset" 735
"D:/UE5Game - Copy/Content/Assets/Icons/Items/Equipment/ICON_gold_leg.uexp" 736
"D:/UE5Game - Copy/Content/Assets/Icons/Items/Equipment/ICON_gold_ring.uasset" 737
"D:/UE5Game - Copy/Content/Assets/Icons/Items/Equipment/ICON_gold_ring.uexp" 738
"D:/UE5Game - Copy/Content/Assets/Icons/Items/Equipment/ICON_gold_shoulder.uasset" 739
"D:/UE5Game - Copy/Content/Assets/Icons/Items/Equipment/ICON_gold_shoulder.uexp" 740
"D:/UE5Game - Copy/Content/Assets/Icons/Items/Equipment/ICON_gold_trousers.uasset" 741
"D:/UE5Game - Copy/Content/Assets/Icons/Items/Equipment/ICON_gold_trousers.uexp" 742
"D:/UE5Game - Copy/Content/Assets/Icons/Items/Equipment/ICON_iron_arm.uasset" 743
"D:/UE5Game - Copy/Content/Assets/Icons/Items/Equipment/ICON_iron_arm.uexp" 744
"D:/UE5Game - Copy/Content/Assets/Icons/Items/Equipment/ICON_iron_leg.uasset" 745
"D:/UE5Game - Copy/Content/Assets/Icons/Items/Equipment/ICON_iron_leg.uexp" 746
"D:/UE5Game - Copy/Content/Assets/Icons/Items/Equipment/ICON_iron_shoulders.uasset" 747
"D:/UE5Game - Copy/Content/Assets/Icons/Items/Equipment/ICON_iron_shoulders.uexp" 748
"D:/UE5Game - Copy/Content/Assets/Icons/Items/Equipment/ICON_iron_trousers.uasset" 749
"D:/UE5Game - Copy/Content/Assets/Icons/Items/Equipment/ICON_iron_trousers.uexp" 750
"D:/UE5Game - Copy/Content/Assets/Icons/Items/Equipment/ICON_old_iron_arm.uasset" 751
"D:/UE5Game - Copy/Content/Assets/Icons/Items/Equipment/ICON_old_iron_arm.uexp" 752
"D:/UE5Game - Copy/Content/Assets/Icons/Items/Equipment/ICON_old_iron_armour.uasset" 753
"D:/UE5Game - Copy/Content/Assets/Icons/Items/Equipment/ICON_old_iron_armour.uexp" 754
"D:/UE5Game - Copy/Content/Assets/Icons/Items/Equipment/ICON_old_iron_helmet.uasset" 755
"D:/UE5Game - Copy/Content/Assets/Icons/Items/Equipment/ICON_old_iron_helmet.uexp" 756
"D:/UE5Game - Copy/Content/Assets/Icons/Items/Equipment/ICON_old_iron_leg.uasset" 757
"D:/UE5Game - Copy/Content/Assets/Icons/Items/Equipment/ICON_old_iron_leg.uexp" 758
"D:/UE5Game - Copy/Content/Assets/Icons/Items/Equipment/ICON_old_iron_shoulder.uasset" 759
"D:/UE5Game - Copy/Content/Assets/Icons/Items/Equipment/ICON_old_iron_shoulder.uexp" 760
"D:/UE5Game - Copy/Content/Assets/Icons/Items/Equipment/ICON_old_iron_trousers.uasset" 761
"D:/UE5Game - Copy/Content/Assets/Icons/Items/Equipment/ICON_old_iron_trousers.uexp" 762
"D:/UE5Game - Copy/Content/Assets/Icons/Items/Equipment/ICON_silver_ring.uasset" 763
"D:/UE5Game - Copy/Content/Assets/Icons/Items/Equipment/ICON_silver_ring.uexp" 764
"D:/UE5Game - Copy/Content/Assets/Models/Equipment/Previews/SM_ArmsPreview.ubulk" 765
"D:/UE5Game - Copy/Content/Assets/Models/Equipment/Previews/SM_ArmsPreview.uasset" 766
"D:/UE5Game - Copy/Content/Assets/Models/Equipment/Previews/SM_ArmsPreview.uexp" 767
"D:/UE5Game - Copy/Content/Assets/Models/Equipment/Previews/SM_BodyPreview.ubulk" 768
"D:/UE5Game - Copy/Content/Assets/Models/Equipment/Previews/SM_BodyPreview.uasset" 769
"D:/UE5Game - Copy/Content/Assets/Models/Equipment/Previews/SM_BodyPreview.uexp" 770
"D:/UE5Game - Copy/Content/Assets/Models/Equipment/Previews/SM_BootsPreview.ubulk" 771
"D:/UE5Game - Copy/Content/Assets/Models/Equipment/Previews/SM_BootsPreview.uasset" 772
"D:/UE5Game - Copy/Content/Assets/Models/Equipment/Previews/SM_BootsPreview.uexp" 773
"D:/UE5Game - Copy/Content/Assets/Models/Equipment/Previews/SM_ShouldersPreview.ubulk" 774
"D:/UE5Game - Copy/Content/Assets/Models/Equipment/Previews/SM_ShouldersPreview.uasset" 775
"D:/UE5Game - Copy/Content/Assets/Models/Equipment/Previews/SM_ShouldersPreview.uexp" 776
"D:/UE5Game - Copy/Content/Assets/Models/Equipment/Previews/SM_TrousersPreview.ubulk" 777
"D:/UE5Game - Copy/Content/Assets/Models/Equipment/Previews/SM_TrousersPreview.uasset" 778
"D:/UE5Game - Copy/Content/Assets/Models/Equipment/Previews/SM_TrousersPreview.uexp" 779
"D:/UE5Game - Copy/Content/Assets/Sounds/Weapon/SW_EquipArmour.ubulk" 780
"D:/UE5Game - Copy/Content/Assets/Sounds/Weapon/SW_EquipArmour.uasset" 781
"D:/UE5Game - Copy/Content/Assets/Sounds/Weapon/SW_EquipArmour.uexp" 782
"D:/UE5Game - Copy/Content/Assets/Sounds/Weapon/SW_EquipArmour2.ubulk" 783
"D:/UE5Game - Copy/Content/Assets/Sounds/Weapon/SW_EquipArmour2.uasset" 784
"D:/UE5Game - Copy/Content/Assets/Sounds/Weapon/SW_EquipArmour2.uexp" 785
"D:/UE5Game - Copy/Content/Assets/Textures/Equipment/T_GoldAmulet.ubulk" 786
"D:/UE5Game - Copy/Content/Assets/Textures/Equipment/T_GoldAmulet.uasset" 787
"D:/UE5Game - Copy/Content/Assets/Textures/Equipment/T_GoldAmulet.uexp" 788
"D:/UE5Game - Copy/Content/Assets/Textures/Equipment/T_SilverRing.ubulk" 789
"D:/UE5Game - Copy/Content/Assets/Textures/Equipment/T_SilverRing.uasset" 790
"D:/UE5Game - Copy/Content/Assets/Textures/Equipment/T_SilverRing.uexp" 791
"D:/UE5Game - Copy/Content/Data/Equipment/E_EquipmentSlot.uasset" 792
"D:/UE5Game - Copy/Content/Data/Equipment/E_EquipmentSlot.uexp" 793
"D:/UE5Game - Copy/Content/Data/Equipment/E_EquipmentSockets.uasset" 794
"D:/UE5Game - Copy/Content/Data/Equipment/E_EquipmentSockets.uexp" 795
"D:/UE5Game - Copy/Content/Assets/Textures/VFX/T_VFX_WhiteSpark.uasset" 796
"D:/UE5Game - Copy/Content/Assets/Textures/VFX/T_VFX_WhiteSpark.uexp" 797
"D:/UE5Game - Copy/Content/Assets/Materials/VFX/M_ArmourShine.uasset" 798
"D:/UE5Game - Copy/Content/Assets/Materials/VFX/M_ArmourShine.uexp" 799
"D:/UE5Game - Copy/Content/VFX/NS_ArmourShine.uasset" 800
"D:/UE5Game - Copy/Content/VFX/NS_ArmourShine.uexp" 801
"D:/UE5Game - Copy/Content/Blueprints/Items/Equipment/A_EqPiece.uasset" 802
"D:/UE5Game - Copy/Content/Blueprints/Items/Equipment/A_EqPiece.uexp" 803
"D:/UE5Game - Copy/Content/Data/Equipment/S_ArmourPiece.uasset" 804
"D:/UE5Game - Copy/Content/Data/Equipment/S_ArmourPiece.uexp" 805
"D:/UE5Game - Copy/Content/Data/S_CompEquipment.uasset" 806
"D:/UE5Game - Copy/Content/Data/S_CompEquipment.uexp" 807
"D:/UE5Game - Copy/Content/Data/Equipment/S_DataEquipment.uasset" 808
"D:/UE5Game - Copy/Content/Data/Equipment/S_DataEquipment.uexp" 809
"D:/UE5Game - Copy/Content/Assets/Models/Equipment/SM_BodyLow.ubulk" 810
"D:/UE5Game - Copy/Content/Assets/Models/Equipment/SM_BodyLow.uasset" 811
"D:/UE5Game - Copy/Content/Assets/Models/Equipment/SM_BodyLow.uexp" 812
"D:/UE5Game - Copy/Content/Assets/Models/Equipment/SM_LArm.ubulk" 813
"D:/UE5Game - Copy/Content/Assets/Models/Equipment/SM_LArm.uasset" 814
"D:/UE5Game - Copy/Content/Assets/Models/Equipment/SM_LArm.uexp" 815
"D:/UE5Game - Copy/Content/Assets/Models/Equipment/SM_LBodyArm.ubulk" 816
"D:/UE5Game - Copy/Content/Assets/Models/Equipment/SM_LBodyArm.uasset" 817
"D:/UE5Game - Copy/Content/Assets/Models/Equipment/SM_LBodyArm.uexp" 818
"D:/UE5Game - Copy/Content/Assets/Models/Equipment/SM_LBoot.ubulk" 819
"D:/UE5Game - Copy/Content/Assets/Models/Equipment/SM_LBoot.uasset" 820
"D:/UE5Game - Copy/Content/Assets/Models/Equipment/SM_LBoot.uexp" 821
"D:/UE5Game - Copy/Content/Assets/Models/Equipment/SM_LLeg.ubulk" 822
"D:/UE5Game - Copy/Content/Assets/Models/Equipment/SM_LLeg.uasset" 823
"D:/UE5Game - Copy/Content/Assets/Models/Equipment/SM_LLeg.uexp" 824
"D:/UE5Game - Copy/Content/Assets/Models/Equipment/SM_LShoulder.ubulk" 825
"D:/UE5Game - Copy/Content/Assets/Models/Equipment/SM_LShoulder.uasset" 826
"D:/UE5Game - Copy/Content/Assets/Models/Equipment/SM_LShoulder.uexp" 827
"D:/UE5Game - Copy/Content/Assets/Models/Equipment/SM_RArm.ubulk" 828
"D:/UE5Game - Copy/Content/Assets/Models/Equipment/SM_RArm.uasset" 829
"D:/UE5Game - Copy/Content/Assets/Models/Equipment/SM_RArm.uexp" 830
"D:/UE5Game - Copy/Content/Assets/Models/Equipment/SM_RBodyArm.ubulk" 831
"D:/UE5Game - Copy/Content/Assets/Models/Equipment/SM_RBodyArm.uasset" 832
"D:/UE5Game - Copy/Content/Assets/Models/Equipment/SM_RBodyArm.uexp" 833
"D:/UE5Game - Copy/Content/Assets/Models/Equipment/SM_RBoot.ubulk" 834
"D:/UE5Game - Copy/Content/Assets/Models/Equipment/SM_RBoot.uasset" 835
"D:/UE5Game - Copy/Content/Assets/Models/Equipment/SM_RBoot.uexp" 836
"D:/UE5Game - Copy/Content/Assets/Models/Equipment/SM_RLeg.ubulk" 837
"D:/UE5Game - Copy/Content/Assets/Models/Equipment/SM_RLeg.uasset" 838
"D:/UE5Game - Copy/Content/Assets/Models/Equipment/SM_RLeg.uexp" 839
"D:/UE5Game - Copy/Content/Assets/Models/Equipment/SM_RShoulder.ubulk" 840
"D:/UE5Game - Copy/Content/Assets/Models/Equipment/SM_RShoulder.uasset" 841
"D:/UE5Game - Copy/Content/Assets/Models/Equipment/SM_RShoulder.uexp" 842
"D:/UE5Game - Copy/Content/Assets/Textures/Equipment/T_GoldRing.ubulk" 843
"D:/UE5Game - Copy/Content/Assets/Textures/Equipment/T_GoldRing.uasset" 844
"D:/UE5Game - Copy/Content/Assets/Textures/Equipment/T_GoldRing.uexp" 845
"D:/UE5Game - Copy/Content/Data/Equipment/DT_DataEquip.uasset" 846
"D:/UE5Game - Copy/Content/Data/Equipment/DT_DataEquip.uexp" 847
"D:/UE5Game - Copy/Content/Data/O_Equipment.uasset" 848
"D:/UE5Game - Copy/Content/Data/O_Equipment.uexp" 849
"D:/UE5Game - Copy/Content/Blueprints/SkillSystem/Buffs/ASB_AddArmour.uasset" 850
"D:/UE5Game - Copy/Content/Blueprints/SkillSystem/Buffs/ASB_AddArmour.uexp" 851
"D:/UE5Game - Copy/Content/Blueprints/Items/Equipment/BP_Equipment.uasset" 852
"D:/UE5Game - Copy/Content/Blueprints/Items/Equipment/BP_Equipment.uexp" 853
"D:/UE5Game - Copy/Content/Blueprints/StorageSystem/Panel/S_SlotsOnPanel.uasset" 854
"D:/UE5Game - Copy/Content/Blueprints/StorageSystem/Panel/S_SlotsOnPanel.uexp" 855
"D:/UE5Game - Copy/Content/Data/Skills/S_Skill.uasset" 856
"D:/UE5Game - Copy/Content/Data/Skills/S_Skill.uexp" 857
"D:/UE5Game - Copy/Content/Assets/Icons/Skills/ICON_ElectricalWave.uasset" 858
"D:/UE5Game - Copy/Content/Assets/Icons/Skills/ICON_ElectricalWave.uexp" 859
"D:/UE5Game - Copy/Content/Assets/Icons/Skills/ICON_Fireball.uasset" 860
"D:/UE5Game - Copy/Content/Assets/Icons/Skills/ICON_Fireball.uexp" 861
"D:/UE5Game - Copy/Content/Assets/Icons/Skills/ICON_FireWave.uasset" 862
"D:/UE5Game - Copy/Content/Assets/Icons/Skills/ICON_FireWave.uexp" 863
"D:/UE5Game - Copy/Content/Assets/Icons/Skills/ICON_FrostWave.uasset" 864
"D:/UE5Game - Copy/Content/Assets/Icons/Skills/ICON_FrostWave.uexp" 865
"../../../Engine/Plugins/FX/Niagara/Content/DefaultAssets/DefaultRIbbonMaterial.uasset" 866
"../../../Engine/Plugins/FX/Niagara/Content/DefaultAssets/DefaultRIbbonMaterial.uexp" 867
"../../../Engine/Plugins/FX/Niagara/Content/DefaultAssets/DefaultSpriteMaterial.uasset" 868
"../../../Engine/Plugins/FX/Niagara/Content/DefaultAssets/DefaultSpriteMaterial.uexp" 869
"../../../Engine/Plugins/FX/Niagara/Content/VectorFields/Assets/TilingCurl32.uasset" 870
"../../../Engine/Plugins/FX/Niagara/Content/VectorFields/Assets/TilingCurl32.uexp" 871
"D:/UE5Game - Copy/Content/VFX/Electricity/NS_ElectricityBeam.uasset" 872
"D:/UE5Game - Copy/Content/VFX/Electricity/NS_ElectricityBeam.uexp" 873
"D:/UE5Game - Copy/Content/Blueprints/SkillSystem/Costs/C_ManaCost.uasset" 874
"D:/UE5Game - Copy/Content/Blueprints/SkillSystem/Costs/C_ManaCost.uexp" 875
"D:/UE5Game - Copy/Content/Assets/Sounds/Magic/SW_Electricity4.ubulk" 876
"D:/UE5Game - Copy/Content/Assets/Sounds/Magic/SW_Electricity4.uasset" 877
"D:/UE5Game - Copy/Content/Assets/Sounds/Magic/SW_Electricity4.uexp" 878
"D:/UE5Game - Copy/Content/Assets/Sounds/Magic/SW_Electricity3.ubulk" 879
"D:/UE5Game - Copy/Content/Assets/Sounds/Magic/SW_Electricity3.uasset" 880
"D:/UE5Game - Copy/Content/Assets/Sounds/Magic/SW_Electricity3.uexp" 881
"D:/UE5Game - Copy/Content/Assets/Sounds/Magic/SW_Electricity2.ubulk" 882
"D:/UE5Game - Copy/Content/Assets/Sounds/Magic/SW_Electricity2.uasset" 883
"D:/UE5Game - Copy/Content/Assets/Sounds/Magic/SW_Electricity2.uexp" 884
"D:/UE5Game - Copy/Content/Assets/Sounds/Magic/SW_Electricity1.ubulk" 885
"D:/UE5Game - Copy/Content/Assets/Sounds/Magic/SW_Electricity1.uasset" 886
"D:/UE5Game - Copy/Content/Assets/Sounds/Magic/SW_Electricity1.uexp" 887
"D:/UE5Game - Copy/Content/Blueprints/SkillSystem/Skills/Magic/AS_HoldMagic.uasset" 888
"D:/UE5Game - Copy/Content/Blueprints/SkillSystem/Skills/Magic/AS_HoldMagic.uexp" 889
"D:/UE5Game - Copy/Content/Blueprints/SkillSystem/Skills/Magic/AS_HoldMagicDamage.uasset" 890
"D:/UE5Game - Copy/Content/Blueprints/SkillSystem/Skills/Magic/AS_HoldMagicDamage.uexp" 891
"D:/UE5Game - Copy/Content/Blueprints/SkillSystem/Skills/Magic/Electricity/AS_ElectricityBeam.uasset" 892
"D:/UE5Game - Copy/Content/Blueprints/SkillSystem/Skills/Magic/Electricity/AS_ElectricityBeam.uexp" 893
"D:/UE5Game - Copy/Content/Blueprints/SkillSystem/Skills/Magic/Electricity/AS_ElectricityBeamAround.uasset" 894
"D:/UE5Game - Copy/Content/Blueprints/SkillSystem/Skills/Magic/Electricity/AS_ElectricityBeamAround.uexp" 895
"D:/UE5Game - Copy/Content/Assets/Textures/VFX/T_VFX_Smoke.uasset" 896
"D:/UE5Game - Copy/Content/Assets/Textures/VFX/T_VFX_Smoke.uexp" 897
"D:/UE5Game - Copy/Content/Assets/Materials/VFX/M_VFX_Smoke.uasset" 898
"D:/UE5Game - Copy/Content/Assets/Materials/VFX/M_VFX_Smoke.uexp" 899
"D:/UE5Game - Copy/Content/Assets/Textures/VFX/T_VFX_Sparks.uasset" 900
"D:/UE5Game - Copy/Content/Assets/Textures/VFX/T_VFX_Sparks.uexp" 901
"D:/UE5Game - Copy/Content/Assets/Materials/VFX/M_VFX_ChangeColorMat.uasset" 902
"D:/UE5Game - Copy/Content/Assets/Materials/VFX/M_VFX_ChangeColorMat.uexp" 903
"D:/UE5Game - Copy/Content/Assets/Materials/VFX/M_VFX_Particle.uasset" 904
"D:/UE5Game - Copy/Content/Assets/Materials/VFX/M_VFX_Particle.uexp" 905
"D:/UE5Game - Copy/Content/Assets/Textures/VFX/T_VFX_Fire.uasset" 906
"D:/UE5Game - Copy/Content/Assets/Textures/VFX/T_VFX_Fire.uexp" 907
"D:/UE5Game - Copy/Content/Assets/Materials/VFX/M_VFX_Fire.uasset" 908
"D:/UE5Game - Copy/Content/Assets/Materials/VFX/M_VFX_Fire.uexp" 909
"D:/UE5Game - Copy/Content/VFX/Fire/NS_FireBall.uasset" 910
"D:/UE5Game - Copy/Content/VFX/Fire/NS_FireBall.uexp" 911
"D:/UE5Game - Copy/Content/Data/World/PM_Stone.uasset" 912
"D:/UE5Game - Copy/Content/Data/World/PM_Stone.uexp" 913
"D:/UE5Game - Copy/Content/Assets/Textures/Blocks/Buildings/BaseBlocks/T_stone.uasset" 914
"D:/UE5Game - Copy/Content/Assets/Textures/Blocks/Buildings/BaseBlocks/T_stone.uexp" 915
"D:/UE5Game - Copy/Content/Assets/Textures/Blocks/Buildings/BaseBlocks/T_stone_height.uasset" 916
"D:/UE5Game - Copy/Content/Assets/Textures/Blocks/Buildings/BaseBlocks/T_stone_height.uexp" 917
"D:/UE5Game - Copy/Content/Assets/Textures/Blocks/Buildings/BaseBlocks/T_stone_normal.uasset" 918
"D:/UE5Game - Copy/Content/Assets/Textures/Blocks/Buildings/BaseBlocks/T_stone_normal.uexp" 919
"D:/UE5Game - Copy/Content/Assets/Materials/M_Stone.uasset" 920
"D:/UE5Game - Copy/Content/Assets/Materials/M_Stone.uexp" 921
"D:/UE5Game - Copy/Content/Assets/Models/Blocks/Buildings/BaseBlocks/SM_CubeWithSockets.ubulk" 922
"D:/UE5Game - Copy/Content/Assets/Models/Blocks/Buildings/BaseBlocks/SM_CubeWithSockets.uasset" 923
"D:/UE5Game - Copy/Content/Assets/Models/Blocks/Buildings/BaseBlocks/SM_CubeWithSockets.uexp" 924
"D:/UE5Game - Copy/Content/Blueprints/Items/Bullets/A_Bullet.uasset" 925
"D:/UE5Game - Copy/Content/Blueprints/Items/Bullets/A_Bullet.uexp" 926
"D:/UE5Game - Copy/Content/Data/World/PM_Sand.uasset" 927
"D:/UE5Game - Copy/Content/Data/World/PM_Sand.uexp" 928
"D:/UE5Game - Copy/Content/Assets/Textures/Blocks/Voxel/T_Coal.uasset" 929
"D:/UE5Game - Copy/Content/Assets/Textures/Blocks/Voxel/T_Coal.uexp" 930
"D:/UE5Game - Copy/Content/Assets/Textures/Blocks/Voxel/T_Fire.uasset" 931
"D:/UE5Game - Copy/Content/Assets/Textures/Blocks/Voxel/T_Fire.uexp" 932
"D:/UE5Game - Copy/Content/Assets/Textures/Blocks/Voxel/T_Fire2.uasset" 933
"D:/UE5Game - Copy/Content/Assets/Textures/Blocks/Voxel/T_Fire2.uexp" 934
"D:/UE5Game - Copy/Content/Assets/Textures/Blocks/Voxel/T_Fire3.uasset" 935
"D:/UE5Game - Copy/Content/Assets/Textures/Blocks/Voxel/T_Fire3.uexp" 936
"D:/UE5Game - Copy/Content/Assets/Materials/VFX/M_FireSolid.uasset" 937
"D:/UE5Game - Copy/Content/Assets/Materials/VFX/M_FireSolid.uexp" 938
"D:/UE5Game - Copy/Content/Blueprints/Items/Bullets/A_Fireball.uasset" 939
"D:/UE5Game - Copy/Content/Blueprints/Items/Bullets/A_Fireball.uexp" 940
"D:/UE5Game - Copy/Content/Assets/Sounds/Magic/SW_Fire9.ubulk" 941
"D:/UE5Game - Copy/Content/Assets/Sounds/Magic/SW_Fire9.uasset" 942
"D:/UE5Game - Copy/Content/Assets/Sounds/Magic/SW_Fire9.uexp" 943
"D:/UE5Game - Copy/Content/Assets/Sounds/Magic/SW_Fire8.ubulk" 944
"D:/UE5Game - Copy/Content/Assets/Sounds/Magic/SW_Fire8.uasset" 945
"D:/UE5Game - Copy/Content/Assets/Sounds/Magic/SW_Fire8.uexp" 946
"D:/UE5Game - Copy/Content/Assets/Sounds/Magic/SW_Fire7.ubulk" 947
"D:/UE5Game - Copy/Content/Assets/Sounds/Magic/SW_Fire7.uasset" 948
"D:/UE5Game - Copy/Content/Assets/Sounds/Magic/SW_Fire7.uexp" 949
"D:/UE5Game - Copy/Content/Assets/Sounds/Magic/SW_Fire6.ubulk" 950
"D:/UE5Game - Copy/Content/Assets/Sounds/Magic/SW_Fire6.uasset" 951
"D:/UE5Game - Copy/Content/Assets/Sounds/Magic/SW_Fire6.uexp" 952
"D:/UE5Game - Copy/Content/Assets/Sounds/Magic/SW_Fire5.ubulk" 953
"D:/UE5Game - Copy/Content/Assets/Sounds/Magic/SW_Fire5.uasset" 954
"D:/UE5Game - Copy/Content/Assets/Sounds/Magic/SW_Fire5.uexp" 955
"D:/UE5Game - Copy/Content/Assets/Sounds/Magic/SW_Fire4.ubulk" 956
"D:/UE5Game - Copy/Content/Assets/Sounds/Magic/SW_Fire4.uasset" 957
"D:/UE5Game - Copy/Content/Assets/Sounds/Magic/SW_Fire4.uexp" 958
"D:/UE5Game - Copy/Content/Assets/Sounds/Magic/SW_Fire3.ubulk" 959
"D:/UE5Game - Copy/Content/Assets/Sounds/Magic/SW_Fire3.uasset" 960
"D:/UE5Game - Copy/Content/Assets/Sounds/Magic/SW_Fire3.uexp" 961
"D:/UE5Game - Copy/Content/Assets/Sounds/Magic/SW_Fire2.ubulk" 962
"D:/UE5Game - Copy/Content/Assets/Sounds/Magic/SW_Fire2.uasset" 963
"D:/UE5Game - Copy/Content/Assets/Sounds/Magic/SW_Fire2.uexp" 964
"D:/UE5Game - Copy/Content/Assets/Sounds/Magic/SW_Fire1.ubulk" 965
"D:/UE5Game - Copy/Content/Assets/Sounds/Magic/SW_Fire1.uasset" 966
"D:/UE5Game - Copy/Content/Assets/Sounds/Magic/SW_Fire1.uexp" 967
"D:/UE5Game - Copy/Content/Blueprints/SkillSystem/Skills/Magic/Fire/AS_FireBall.uasset" 968
"D:/UE5Game - Copy/Content/Blueprints/SkillSystem/Skills/Magic/Fire/AS_FireBall.uexp" 969
"D:/UE5Game - Copy/Content/VFX/Fire/NS_FireWave.uasset" 970
"D:/UE5Game - Copy/Content/VFX/Fire/NS_FireWave.uexp" 971
"D:/UE5Game - Copy/Content/Blueprints/SkillSystem/Skills/Magic/Fire/AS_FireWave.uasset" 972
"D:/UE5Game - Copy/Content/Blueprints/SkillSystem/Skills/Magic/Fire/AS_FireWave.uexp" 973
"D:/UE5Game - Copy/Content/Blueprints/SkillSystem/Skills/Magic/Fire/AS_MultipleFireBalls.uasset" 974
"D:/UE5Game - Copy/Content/Blueprints/SkillSystem/Skills/Magic/Fire/AS_MultipleFireBalls.uexp" 975
"D:/UE5Game - Copy/Content/Assets/Textures/VFX/T_VFX_Snow.uasset" 976
"D:/UE5Game - Copy/Content/Assets/Textures/VFX/T_VFX_Snow.uexp" 977
"D:/UE5Game - Copy/Content/Assets/Materials/VFX/M_VFX_Snow.uasset" 978
"D:/UE5Game - Copy/Content/Assets/Materials/VFX/M_VFX_Snow.uexp" 979
"D:/UE5Game - Copy/Content/Assets/Textures/VFX/T_VFX_Snow2.uasset" 980
"D:/UE5Game - Copy/Content/Assets/Textures/VFX/T_VFX_Snow2.uexp" 981
"D:/UE5Game - Copy/Content/Assets/Materials/VFX/M_VFX_Snow2.uasset" 982
"D:/UE5Game - Copy/Content/Assets/Materials/VFX/M_VFX_Snow2.uexp" 983
"D:/UE5Game - Copy/Content/Assets/Textures/VFX/T_VFX_Snow3.uasset" 984
"D:/UE5Game - Copy/Content/Assets/Textures/VFX/T_VFX_Snow3.uexp" 985
"D:/UE5Game - Copy/Content/Assets/Materials/VFX/M_VFX_Snow3.uasset" 986
"D:/UE5Game - Copy/Content/Assets/Materials/VFX/M_VFX_Snow3.uexp" 987
"D:/UE5Game - Copy/Content/VFX/Frost/NS_FrostWave.uasset" 988
"D:/UE5Game - Copy/Content/VFX/Frost/NS_FrostWave.uexp" 989
"D:/UE5Game - Copy/Content/Assets/Sounds/Magic/SW_Ice6.ubulk" 990
"D:/UE5Game - Copy/Content/Assets/Sounds/Magic/SW_Ice6.uasset" 991
"D:/UE5Game - Copy/Content/Assets/Sounds/Magic/SW_Ice6.uexp" 992
"D:/UE5Game - Copy/Content/Assets/Sounds/Magic/SW_Ice5.ubulk" 993
"D:/UE5Game - Copy/Content/Assets/Sounds/Magic/SW_Ice5.uasset" 994
"D:/UE5Game - Copy/Content/Assets/Sounds/Magic/SW_Ice5.uexp" 995
"D:/UE5Game - Copy/Content/Assets/Sounds/Magic/SW_Ice4.ubulk" 996
"D:/UE5Game - Copy/Content/Assets/Sounds/Magic/SW_Ice4.uasset" 997
"D:/UE5Game - Copy/Content/Assets/Sounds/Magic/SW_Ice4.uexp" 998
"D:/UE5Game - Copy/Content/Assets/Sounds/Magic/SW_Ice3.ubulk" 999
"D:/UE5Game - Copy/Content/Assets/Sounds/Magic/SW_Ice3.uasset" 1000
"D:/UE5Game - Copy/Content/Assets/Sounds/Magic/SW_Ice3.uexp" 1001
"D:/UE5Game - Copy/Content/Assets/Sounds/Magic/SW_Ice2.ubulk" 1002
"D:/UE5Game - Copy/Content/Assets/Sounds/Magic/SW_Ice2.uasset" 1003
"D:/UE5Game - Copy/Content/Assets/Sounds/Magic/SW_Ice2.uexp" 1004
"D:/UE5Game - Copy/Content/Blueprints/SkillSystem/Skills/Magic/Water/AS_SnowWave.uasset" 1005
"D:/UE5Game - Copy/Content/Blueprints/SkillSystem/Skills/Magic/Water/AS_SnowWave.uexp" 1006
"D:/UE5Game - Copy/Content/Blueprints/SkillSystem/Skills/Magic/AS_HoldMagicDamageAngle.uasset" 1007
"D:/UE5Game - Copy/Content/Blueprints/SkillSystem/Skills/Magic/AS_HoldMagicDamageAngle.uexp" 1008
"D:/UE5Game - Copy/Content/Blueprints/SkillSystem/Skills/Magic/Water/AS_SnowWaveAngle.uasset" 1009
"D:/UE5Game - Copy/Content/Blueprints/SkillSystem/Skills/Magic/Water/AS_SnowWaveAngle.uexp" 1010
"D:/UE5Game - Copy/Content/Data/Skills/DT_MagicFireSkills.uasset" 1011
"D:/UE5Game - Copy/Content/Data/Skills/DT_MagicFireSkills.uexp" 1012
"D:/UE5Game - Copy/Content/Data/Skills/DT_AllSkills.uasset" 1013
"D:/UE5Game - Copy/Content/Data/Skills/DT_AllSkills.uexp" 1014
"D:/UE5Game - Copy/Content/Data/O_Skill.uasset" 1015
"D:/UE5Game - Copy/Content/Data/O_Skill.uexp" 1016
"D:/UE5Game - Copy/Content/Blueprints/StorageSystem/Panel/AC_SkillsPanel.uasset" 1017
"D:/UE5Game - Copy/Content/Blueprints/StorageSystem/Panel/AC_SkillsPanel.uexp" 1018
"D:/UE5Game - Copy/Content/Blueprints/StorageSystem/Panel/AC_ItemPanel.uasset" 1019
"D:/UE5Game - Copy/Content/Blueprints/StorageSystem/Panel/AC_ItemPanel.uexp" 1020
"D:/UE5Game - Copy/Content/Blueprints/SaveLoad/Base/S_SAVE_ITEM_PANEL.uasset" 1021
"D:/UE5Game - Copy/Content/Blueprints/SaveLoad/Base/S_SAVE_ITEM_PANEL.uexp" 1022
"D:/UE5Game - Copy/Content/Blueprints/SaveLoad/Base/S_SAVE_SKILL_PANEL.uasset" 1023
"D:/UE5Game - Copy/Content/Blueprints/SaveLoad/Base/S_SAVE_SKILL_PANEL.uexp" 1024
"D:/UE5Game - Copy/Content/Blueprints/SkillSystem/Costs/C_StaminaCost.uasset" 1025
"D:/UE5Game - Copy/Content/Blueprints/SkillSystem/Costs/C_StaminaCost.uexp" 1026
"D:/UE5Game - Copy/Content/Blueprints/SkillSystem/Skills/Attack/ACS_WeaponSkill.uasset" 1027
"D:/UE5Game - Copy/Content/Blueprints/SkillSystem/Skills/Attack/ACS_WeaponSkill.uexp" 1028
"D:/UE5Game - Copy/Content/Blueprints/SkillSystem/S_SkillMetaData.uasset" 1029
"D:/UE5Game - Copy/Content/Blueprints/SkillSystem/S_SkillMetaData.uexp" 1030
"D:/UE5Game - Copy/Content/Blueprints/SkillSystem/Skills/Attack/_Other/AS_KnockBack.uasset" 1031
"D:/UE5Game - Copy/Content/Blueprints/SkillSystem/Skills/Attack/_Other/AS_KnockBack.uexp" 1032
"D:/UE5Game - Copy/Content/Blueprints/SkillSystem/Skills/Attack/ACS_Attack.uasset" 1033
"D:/UE5Game - Copy/Content/Blueprints/SkillSystem/Skills/Attack/ACS_Attack.uexp" 1034
"D:/UE5Game - Copy/Content/Blueprints/SkillSystem/Skills/Attack/Punch/AS_Punch2L.uasset" 1035
"D:/UE5Game - Copy/Content/Blueprints/SkillSystem/Skills/Attack/Punch/AS_Punch2L.uexp" 1036
"D:/UE5Game - Copy/Content/Blueprints/SkillSystem/Skills/Attack/Punch/AS_Punch2R.uasset" 1037
"D:/UE5Game - Copy/Content/Blueprints/SkillSystem/Skills/Attack/Punch/AS_Punch2R.uexp" 1038
"D:/UE5Game - Copy/Content/Blueprints/SkillSystem/Skills/Attack/Punch/AS_PunchL.uasset" 1039
"D:/UE5Game - Copy/Content/Blueprints/SkillSystem/Skills/Attack/Punch/AS_PunchL.uexp" 1040
"D:/UE5Game - Copy/Content/Blueprints/SkillSystem/Skills/Attack/Punch/AS_PunchR.uasset" 1041
"D:/UE5Game - Copy/Content/Blueprints/SkillSystem/Skills/Attack/Punch/AS_PunchR.uexp" 1042
"D:/UE5Game - Copy/Content/Blueprints/StorageSystem/Panel/AC_Panel.uasset" 1043
"D:/UE5Game - Copy/Content/Blueprints/StorageSystem/Panel/AC_Panel.uexp" 1044
"../../../Engine/Plugins/Animation/ControlRig/Content/Controls/DefaultGizmoLibraryNormalized.uasset" 1045
"../../../Engine/Plugins/Animation/ControlRig/Content/Controls/DefaultGizmoLibraryNormalized.uexp" 1046
"D:/UE5Game - Copy/Content/Assets/Entities/_Human/Animations/CR_Damage.uasset" 1047
"D:/UE5Game - Copy/Content/Assets/Entities/_Human/Animations/CR_Damage.uexp" 1048
"D:/UE5Game - Copy/Content/Assets/Entities/_Human/S_Human.uasset" 1049
"D:/UE5Game - Copy/Content/Assets/Entities/_Human/S_Human.uexp" 1050
"D:/UE5Game - Copy/Content/Assets/Entities/_Human/Animations/CR_Look.uasset" 1051
"D:/UE5Game - Copy/Content/Assets/Entities/_Human/Animations/CR_Look.uexp" 1052
"D:/UE5Game - Copy/Content/Assets/Entities/_Human/Animations/CR_Arms.uasset" 1053
"D:/UE5Game - Copy/Content/Assets/Entities/_Human/Animations/CR_Arms.uexp" 1054
"../../../Engine/Plugins/Animation/ACLPlugin/Content/ACLAnimCurveCompressionSettings.uasset" 1055
"../../../Engine/Plugins/Animation/ACLPlugin/Content/ACLAnimCurveCompressionSettings.uexp" 1056
"../../../Engine/Plugins/Animation/ACLPlugin/Content/ACLAnimBoneCompressionSettings.uasset" 1057
"../../../Engine/Plugins/Animation/ACLPlugin/Content/ACLAnimBoneCompressionSettings.uexp" 1058
"../../../Engine/Content/Animation/DefaultVariableFrameStrippingSettings.uasset" 1059
"../../../Engine/Content/Animation/DefaultVariableFrameStrippingSettings.uexp" 1060
"D:/UE5Game - Copy/Content/Assets/Entities/_Human/Animations/IDLE/A_Human_IDLE.uasset" 1061
"D:/UE5Game - Copy/Content/Assets/Entities/_Human/Animations/IDLE/A_Human_IDLE.uexp" 1062
"D:/UE5Game - Copy/Content/Assets/Sounds/FootSteps/SW_FootstepStone1.ubulk" 1063
"D:/UE5Game - Copy/Content/Assets/Sounds/FootSteps/SW_FootstepStone1.uasset" 1064
"D:/UE5Game - Copy/Content/Assets/Sounds/FootSteps/SW_FootstepStone1.uexp" 1065
"D:/UE5Game - Copy/Content/Assets/Sounds/FootSteps/SW_FootstepStone2.ubulk" 1066
"D:/UE5Game - Copy/Content/Assets/Sounds/FootSteps/SW_FootstepStone2.uasset" 1067
"D:/UE5Game - Copy/Content/Assets/Sounds/FootSteps/SW_FootstepStone2.uexp" 1068
"D:/UE5Game - Copy/Content/Assets/Sounds/FootSteps/SW_FootstepStone3.ubulk" 1069
"D:/UE5Game - Copy/Content/Assets/Sounds/FootSteps/SW_FootstepStone3.uasset" 1070
"D:/UE5Game - Copy/Content/Assets/Sounds/FootSteps/SW_FootstepStone3.uexp" 1071
"D:/UE5Game - Copy/Content/Assets/Sounds/FootSteps/SW_FootstepStone4.ubulk" 1072
"D:/UE5Game - Copy/Content/Assets/Sounds/FootSteps/SW_FootstepStone4.uasset" 1073
"D:/UE5Game - Copy/Content/Assets/Sounds/FootSteps/SW_FootstepStone4.uexp" 1074
"D:/UE5Game - Copy/Content/Assets/Sounds/FootSteps/SW_FootstepStone5.ubulk" 1075
"D:/UE5Game - Copy/Content/Assets/Sounds/FootSteps/SW_FootstepStone5.uasset" 1076
"D:/UE5Game - Copy/Content/Assets/Sounds/FootSteps/SW_FootstepStone5.uexp" 1077
"D:/UE5Game - Copy/Content/Assets/Sounds/FootSteps/SW_FootstepMetal1.ubulk" 1078
"D:/UE5Game - Copy/Content/Assets/Sounds/FootSteps/SW_FootstepMetal1.uasset" 1079
"D:/UE5Game - Copy/Content/Assets/Sounds/FootSteps/SW_FootstepMetal1.uexp" 1080
"D:/UE5Game - Copy/Content/Assets/Sounds/FootSteps/SW_FootstepMetal2.ubulk" 1081
"D:/UE5Game - Copy/Content/Assets/Sounds/FootSteps/SW_FootstepMetal2.uasset" 1082
"D:/UE5Game - Copy/Content/Assets/Sounds/FootSteps/SW_FootstepMetal2.uexp" 1083
"D:/UE5Game - Copy/Content/Assets/Sounds/FootSteps/SW_FootstepMetal5.ubulk" 1084
"D:/UE5Game - Copy/Content/Assets/Sounds/FootSteps/SW_FootstepMetal5.uasset" 1085
"D:/UE5Game - Copy/Content/Assets/Sounds/FootSteps/SW_FootstepMetal5.uexp" 1086
"D:/UE5Game - Copy/Content/Assets/Sounds/FootSteps/SW_FootstepWood1.ubulk" 1087
"D:/UE5Game - Copy/Content/Assets/Sounds/FootSteps/SW_FootstepWood1.uasset" 1088
"D:/UE5Game - Copy/Content/Assets/Sounds/FootSteps/SW_FootstepWood1.uexp" 1089
"D:/UE5Game - Copy/Content/Assets/Sounds/FootSteps/SW_FootstepWood2.ubulk" 1090
"D:/UE5Game - Copy/Content/Assets/Sounds/FootSteps/SW_FootstepWood2.uasset" 1091
"D:/UE5Game - Copy/Content/Assets/Sounds/FootSteps/SW_FootstepWood2.uexp" 1092
"D:/UE5Game - Copy/Content/Assets/Sounds/FootSteps/SW_FootstepWood3.ubulk" 1093
"D:/UE5Game - Copy/Content/Assets/Sounds/FootSteps/SW_FootstepWood3.uasset" 1094
"D:/UE5Game - Copy/Content/Assets/Sounds/FootSteps/SW_FootstepWood3.uexp" 1095
"D:/UE5Game - Copy/Content/Assets/Sounds/FootSteps/SW_FootstepWood4.ubulk" 1096
"D:/UE5Game - Copy/Content/Assets/Sounds/FootSteps/SW_FootstepWood4.uasset" 1097
"D:/UE5Game - Copy/Content/Assets/Sounds/FootSteps/SW_FootstepWood4.uexp" 1098
"D:/UE5Game - Copy/Content/Assets/Sounds/FootSteps/SW_FootstepWood5.ubulk" 1099
"D:/UE5Game - Copy/Content/Assets/Sounds/FootSteps/SW_FootstepWood5.uasset" 1100
"D:/UE5Game - Copy/Content/Assets/Sounds/FootSteps/SW_FootstepWood5.uexp" 1101
"D:/UE5Game - Copy/Content/Assets/Sounds/FootSteps/SW_FootstepGrass1.ubulk" 1102
"D:/UE5Game - Copy/Content/Assets/Sounds/FootSteps/SW_FootstepGrass1.uasset" 1103
"D:/UE5Game - Copy/Content/Assets/Sounds/FootSteps/SW_FootstepGrass1.uexp" 1104
"D:/UE5Game - Copy/Content/Assets/Sounds/FootSteps/SW_FootstepGrass2.ubulk" 1105
"D:/UE5Game - Copy/Content/Assets/Sounds/FootSteps/SW_FootstepGrass2.uasset" 1106
"D:/UE5Game - Copy/Content/Assets/Sounds/FootSteps/SW_FootstepGrass2.uexp" 1107
"D:/UE5Game - Copy/Content/Assets/Sounds/FootSteps/SW_FootstepGrass3.ubulk" 1108
"D:/UE5Game - Copy/Content/Assets/Sounds/FootSteps/SW_FootstepGrass3.uasset" 1109
"D:/UE5Game - Copy/Content/Assets/Sounds/FootSteps/SW_FootstepGrass3.uexp" 1110
"D:/UE5Game - Copy/Content/Assets/Sounds/FootSteps/SW_FootstepGrass4.ubulk" 1111
"D:/UE5Game - Copy/Content/Assets/Sounds/FootSteps/SW_FootstepGrass4.uasset" 1112
"D:/UE5Game - Copy/Content/Assets/Sounds/FootSteps/SW_FootstepGrass4.uexp" 1113
"D:/UE5Game - Copy/Content/Assets/Sounds/FootSteps/SW_FootstepGrass5.ubulk" 1114
"D:/UE5Game - Copy/Content/Assets/Sounds/FootSteps/SW_FootstepGrass5.uasset" 1115
"D:/UE5Game - Copy/Content/Assets/Sounds/FootSteps/SW_FootstepGrass5.uexp" 1116
"D:/UE5Game - Copy/Content/Assets/Sounds/FootSteps/SW_FootstepLiquid1.ubulk" 1117
"D:/UE5Game - Copy/Content/Assets/Sounds/FootSteps/SW_FootstepLiquid1.uasset" 1118
"D:/UE5Game - Copy/Content/Assets/Sounds/FootSteps/SW_FootstepLiquid1.uexp" 1119
"D:/UE5Game - Copy/Content/Assets/Sounds/FootSteps/SW_FootstepLiquid2.ubulk" 1120
"D:/UE5Game - Copy/Content/Assets/Sounds/FootSteps/SW_FootstepLiquid2.uasset" 1121
"D:/UE5Game - Copy/Content/Assets/Sounds/FootSteps/SW_FootstepLiquid2.uexp" 1122
"D:/UE5Game - Copy/Content/Assets/Sounds/FootSteps/SW_FootstepLiquid3.ubulk" 1123
"D:/UE5Game - Copy/Content/Assets/Sounds/FootSteps/SW_FootstepLiquid3.uasset" 1124
"D:/UE5Game - Copy/Content/Assets/Sounds/FootSteps/SW_FootstepLiquid3.uexp" 1125
"D:/UE5Game - Copy/Content/Assets/Sounds/FootSteps/SW_FootstepLiquid4.ubulk" 1126
"D:/UE5Game - Copy/Content/Assets/Sounds/FootSteps/SW_FootstepLiquid4.uasset" 1127
"D:/UE5Game - Copy/Content/Assets/Sounds/FootSteps/SW_FootstepLiquid4.uexp" 1128
"D:/UE5Game - Copy/Content/Assets/Sounds/FootSteps/SW_FootstepLiquid5.ubulk" 1129
"D:/UE5Game - Copy/Content/Assets/Sounds/FootSteps/SW_FootstepLiquid5.uasset" 1130
"D:/UE5Game - Copy/Content/Assets/Sounds/FootSteps/SW_FootstepLiquid5.uexp" 1131
"D:/UE5Game - Copy/Content/Assets/Sounds/FootSteps/SW_FootstepSand1.ubulk" 1132
"D:/UE5Game - Copy/Content/Assets/Sounds/FootSteps/SW_FootstepSand1.uasset" 1133
"D:/UE5Game - Copy/Content/Assets/Sounds/FootSteps/SW_FootstepSand1.uexp" 1134
"D:/UE5Game - Copy/Content/Assets/Sounds/FootSteps/SW_FootstepSand2.ubulk" 1135
"D:/UE5Game - Copy/Content/Assets/Sounds/FootSteps/SW_FootstepSand2.uasset" 1136
"D:/UE5Game - Copy/Content/Assets/Sounds/FootSteps/SW_FootstepSand2.uexp" 1137
"D:/UE5Game - Copy/Content/Assets/Sounds/FootSteps/SW_FootstepSand3.ubulk" 1138
"D:/UE5Game - Copy/Content/Assets/Sounds/FootSteps/SW_FootstepSand3.uasset" 1139
"D:/UE5Game - Copy/Content/Assets/Sounds/FootSteps/SW_FootstepSand3.uexp" 1140
"D:/UE5Game - Copy/Content/Assets/Sounds/FootSteps/SW_FootstepSand4.ubulk" 1141
"D:/UE5Game - Copy/Content/Assets/Sounds/FootSteps/SW_FootstepSand4.uasset" 1142
"D:/UE5Game - Copy/Content/Assets/Sounds/FootSteps/SW_FootstepSand4.uexp" 1143
"D:/UE5Game - Copy/Content/Assets/Sounds/FootSteps/SW_FootstepSand5.ubulk" 1144
"D:/UE5Game - Copy/Content/Assets/Sounds/FootSteps/SW_FootstepSand5.uasset" 1145
"D:/UE5Game - Copy/Content/Assets/Sounds/FootSteps/SW_FootstepSand5.uexp" 1146
"D:/UE5Game - Copy/Content/Blueprints/Animations/BP_Footstep.uasset" 1147
"D:/UE5Game - Copy/Content/Blueprints/Animations/BP_Footstep.uexp" 1148
"D:/UE5Game - Copy/Content/Assets/Entities/_Human/Animations/Movement/A_Human_Run.uasset" 1149
"D:/UE5Game - Copy/Content/Assets/Entities/_Human/Animations/Movement/A_Human_Run.uexp" 1150
"D:/UE5Game - Copy/Content/Assets/Entities/_Human/Animations/Movement/A_Human_WalkBack.uasset" 1151
"D:/UE5Game - Copy/Content/Assets/Entities/_Human/Animations/Movement/A_Human_WalkBack.uexp" 1152
"D:/UE5Game - Copy/Content/Assets/Entities/_Human/Animations/Movement/A_Human_WalkSide.uasset" 1153
"D:/UE5Game - Copy/Content/Assets/Entities/_Human/Animations/Movement/A_Human_WalkSide.uexp" 1154
"D:/UE5Game - Copy/Content/Assets/Entities/_Human/Animations/BS_Human_Walk.uasset" 1155
"D:/UE5Game - Copy/Content/Assets/Entities/_Human/Animations/BS_Human_Walk.uexp" 1156
"D:/UE5Game - Copy/Content/Assets/Entities/_Human/Animations/IDLE/A_Human_IDLE_Swim1.uasset" 1157
"D:/UE5Game - Copy/Content/Assets/Entities/_Human/Animations/IDLE/A_Human_IDLE_Swim1.uexp" 1158
"D:/UE5Game - Copy/Content/Assets/Entities/_Human/Animations/Movement/A_Human_Swim.uasset" 1159
"D:/UE5Game - Copy/Content/Assets/Entities/_Human/Animations/Movement/A_Human_Swim.uexp" 1160
"D:/UE5Game - Copy/Content/Assets/Entities/_Human/Animations/BS_Human_Swim.uasset" 1161
"D:/UE5Game - Copy/Content/Assets/Entities/_Human/Animations/BS_Human_Swim.uexp" 1162
"D:/UE5Game - Copy/Content/Assets/Entities/_Human/Animations/IDLE/A_Human_IDLE_Climb.uasset" 1163
"D:/UE5Game - Copy/Content/Assets/Entities/_Human/Animations/IDLE/A_Human_IDLE_Climb.uexp" 1164
"D:/UE5Game - Copy/Content/Assets/Entities/_Human/Animations/Movement/A_Human_Climb.uasset" 1165
"D:/UE5Game - Copy/Content/Assets/Entities/_Human/Animations/Movement/A_Human_Climb.uexp" 1166
"D:/UE5Game - Copy/Content/Assets/Entities/_Human/Animations/Movement/A_Human_ClimbRight.uasset" 1167
"D:/UE5Game - Copy/Content/Assets/Entities/_Human/Animations/Movement/A_Human_ClimbRight.uexp" 1168
"D:/UE5Game - Copy/Content/Assets/Entities/_Human/Animations/BS_Human_Climb.uasset" 1169
"D:/UE5Game - Copy/Content/Assets/Entities/_Human/Animations/BS_Human_Climb.uexp" 1170
"D:/UE5Game - Copy/Content/Assets/Entities/_Human/Animations/IDLE/A_Human_IDLE_Gun.uasset" 1171
"D:/UE5Game - Copy/Content/Assets/Entities/_Human/Animations/IDLE/A_Human_IDLE_Gun.uexp" 1172
"D:/UE5Game - Copy/Content/Assets/Entities/_Human/Animations/IDLE/A_Human_IDLE_Falling.uasset" 1173
"D:/UE5Game - Copy/Content/Assets/Entities/_Human/Animations/IDLE/A_Human_IDLE_Falling.uexp" 1174
"D:/UE5Game - Copy/Content/Assets/Entities/_Human/Animations/IDLE/A_Human_IDLE_GunTwoHands.uasset" 1175
"D:/UE5Game - Copy/Content/Assets/Entities/_Human/Animations/IDLE/A_Human_IDLE_GunTwoHands.uexp" 1176
"D:/UE5Game - Copy/Content/Assets/Entities/_Human/Animations/IDLE/A_Human_IDLE_Hammer.uasset" 1177
"D:/UE5Game - Copy/Content/Assets/Entities/_Human/Animations/IDLE/A_Human_IDLE_Hammer.uexp" 1178
"D:/UE5Game - Copy/Content/Assets/Entities/_Human/Animations/IDLE/A_Human_IDLE_HammerTwoHands.uasset" 1179
"D:/UE5Game - Copy/Content/Assets/Entities/_Human/Animations/IDLE/A_Human_IDLE_HammerTwoHands.uexp" 1180
"D:/UE5Game - Copy/Content/Assets/Entities/_Human/Animations/IDLE/A_Human_IDLE_Shield.uasset" 1181
"D:/UE5Game - Copy/Content/Assets/Entities/_Human/Animations/IDLE/A_Human_IDLE_Shield.uexp" 1182
"D:/UE5Game - Copy/Content/Assets/Entities/_Human/Animations/IDLE/A_Human_IDLE_ShieldTwoHands.uasset" 1183
"D:/UE5Game - Copy/Content/Assets/Entities/_Human/Animations/IDLE/A_Human_IDLE_ShieldTwoHands.uexp" 1184
"D:/UE5Game - Copy/Content/Assets/Entities/_Human/Animations/IDLE/A_Human_IDLE_Spear.uasset" 1185
"D:/UE5Game - Copy/Content/Assets/Entities/_Human/Animations/IDLE/A_Human_IDLE_Spear.uexp" 1186
"D:/UE5Game - Copy/Content/Assets/Entities/_Human/Animations/IDLE/A_Human_IDLE_SpearTwoHands1.uasset" 1187
"D:/UE5Game - Copy/Content/Assets/Entities/_Human/Animations/IDLE/A_Human_IDLE_SpearTwoHands1.uexp" 1188
"D:/UE5Game - Copy/Content/Assets/Entities/_Human/Animations/IDLE/A_Human_IDLE_Sword.uasset" 1189
"D:/UE5Game - Copy/Content/Assets/Entities/_Human/Animations/IDLE/A_Human_IDLE_Sword.uexp" 1190
"D:/UE5Game - Copy/Content/Assets/Entities/_Human/Animations/IDLE/A_Human_IDLE_SwordTwoHands.uasset" 1191
"D:/UE5Game - Copy/Content/Assets/Entities/_Human/Animations/IDLE/A_Human_IDLE_SwordTwoHands.uexp" 1192
"D:/UE5Game - Copy/Content/Assets/Entities/_Human/Animations/IDLE/A_Human_IDLE_Throw.uasset" 1193
"D:/UE5Game - Copy/Content/Assets/Entities/_Human/Animations/IDLE/A_Human_IDLE_Throw.uexp" 1194
"D:/UE5Game - Copy/Content/Assets/Entities/_Human/Animations/IDLE/A_Human_IDLE_ThrowTwoHands.uasset" 1195
"D:/UE5Game - Copy/Content/Assets/Entities/_Human/Animations/IDLE/A_Human_IDLE_ThrowTwoHands.uexp" 1196
"D:/UE5Game - Copy/Content/Assets/Entities/_Human/Animations/AB_HumanPlayer.uasset" 1197
"D:/UE5Game - Copy/Content/Assets/Entities/_Human/Animations/AB_HumanPlayer.uexp" 1198
"D:/UE5Game - Copy/Content/Assets/Entities/_Human/Animations/Emotions/A_Human_Die1.uasset" 1199
"D:/UE5Game - Copy/Content/Assets/Entities/_Human/Animations/Emotions/A_Human_Die1.uexp" 1200
"D:/UE5Game - Copy/Content/Assets/Entities/_Human/Animations/Emotions/A_Human_Die2.uasset" 1201
"D:/UE5Game - Copy/Content/Assets/Entities/_Human/Animations/Emotions/A_Human_Die2.uexp" 1202
"D:/UE5Game - Copy/Content/Assets/Entities/_Human/Animations/Emotions/A_Human_Die3.uasset" 1203
"D:/UE5Game - Copy/Content/Assets/Entities/_Human/Animations/Emotions/A_Human_Die3.uexp" 1204
"D:/UE5Game - Copy/Content/Assets/Entities/_Human/Animations/AM_HumanDie.uasset" 1205
"D:/UE5Game - Copy/Content/Assets/Entities/_Human/Animations/AM_HumanDie.uexp" 1206
"D:/UE5Game - Copy/Content/Assets/Sounds/Weapon/SW_Hammer.ubulk" 1207
"D:/UE5Game - Copy/Content/Assets/Sounds/Weapon/SW_Hammer.uasset" 1208
"D:/UE5Game - Copy/Content/Assets/Sounds/Weapon/SW_Hammer.uexp" 1209
"D:/UE5Game - Copy/Content/Assets/Entities/_Human/Animations/Fight/Spear/A_Human_HoldSpear1.uasset" 1210
"D:/UE5Game - Copy/Content/Assets/Entities/_Human/Animations/Fight/Spear/A_Human_HoldSpear1.uexp" 1211
"D:/UE5Game - Copy/Content/Assets/Entities/_Human/Animations/Fight/Sword/A_Human_HoldSword.uasset" 1212
"D:/UE5Game - Copy/Content/Assets/Entities/_Human/Animations/Fight/Sword/A_Human_HoldSword.uexp" 1213
"D:/UE5Game - Copy/Content/Assets/Entities/_Human/Animations/Emotions/A_Human_Take_Damage1.uasset" 1214
"D:/UE5Game - Copy/Content/Assets/Entities/_Human/Animations/Emotions/A_Human_Take_Damage1.uexp" 1215
"D:/UE5Game - Copy/Content/Assets/Entities/_Human/Animations/Emotions/A_Human_Take_Damage2.uasset" 1216
"D:/UE5Game - Copy/Content/Assets/Entities/_Human/Animations/Emotions/A_Human_Take_Damage2.uexp" 1217
"D:/UE5Game - Copy/Content/Assets/Entities/_Human/Animations/Emotions/A_Human_Take_Damage3.uasset" 1218
"D:/UE5Game - Copy/Content/Assets/Entities/_Human/Animations/Emotions/A_Human_Take_Damage3.uexp" 1219
"D:/UE5Game - Copy/Content/Assets/Entities/_Human/Animations/Fight/Bow/A_Human_BowAttack.uasset" 1220
"D:/UE5Game - Copy/Content/Assets/Entities/_Human/Animations/Fight/Bow/A_Human_BowAttack.uexp" 1221
"D:/UE5Game - Copy/Content/Assets/Entities/_Human/Animations/Fight/Bow/A_Human_BowIDLE.uasset" 1222
"D:/UE5Game - Copy/Content/Assets/Entities/_Human/Animations/Fight/Bow/A_Human_BowIDLE.uexp" 1223
"D:/UE5Game - Copy/Content/Assets/Entities/_Human/Animations/Fight/Hammer/A_Human_HoldHammer.uasset" 1224
"D:/UE5Game - Copy/Content/Assets/Entities/_Human/Animations/Fight/Hammer/A_Human_HoldHammer.uexp" 1225
"D:/UE5Game - Copy/Content/Assets/Entities/_Human/Animations/Fight/Hammer/Animations_Anim_AttackHammer1.uasset" 1226
"D:/UE5Game - Copy/Content/Assets/Entities/_Human/Animations/Fight/Hammer/Animations_Anim_AttackHammer1.uexp" 1227
"D:/UE5Game - Copy/Content/Assets/Entities/_Human/Animations/Fight/Hammer/Animations_Anim_HammerJump.uasset" 1228
"D:/UE5Game - Copy/Content/Assets/Entities/_Human/Animations/Fight/Hammer/Animations_Anim_HammerJump.uexp" 1229
"D:/UE5Game - Copy/Content/Assets/Entities/_Human/Animations/Fight/Rapier/A_Human_RapierManyAttacks.uasset" 1230
"D:/UE5Game - Copy/Content/Assets/Entities/_Human/Animations/Fight/Rapier/A_Human_RapierManyAttacks.uexp" 1231
"D:/UE5Game - Copy/Content/Assets/Entities/_Human/Animations/Fight/Rapier/A_Human_RapierStrongAttak.uasset" 1232
"D:/UE5Game - Copy/Content/Assets/Entities/_Human/Animations/Fight/Rapier/A_Human_RapierStrongAttak.uexp" 1233
"D:/UE5Game - Copy/Content/Assets/Entities/_Human/Animations/Fight/Spear/A_Human_AttackSpearTwoHands1.uasset" 1234
"D:/UE5Game - Copy/Content/Assets/Entities/_Human/Animations/Fight/Spear/A_Human_AttackSpearTwoHands1.uexp" 1235
"D:/UE5Game - Copy/Content/Assets/Entities/_Human/Animations/Fight/Spear/A_Human_LudgeSpear1.uasset" 1236
"D:/UE5Game - Copy/Content/Assets/Entities/_Human/Animations/Fight/Spear/A_Human_LudgeSpear1.uexp" 1237
"D:/UE5Game - Copy/Content/Assets/Entities/_Human/Animations/Fight/Spell/A_Human_HoldSpellDown.uasset" 1238
"D:/UE5Game - Copy/Content/Assets/Entities/_Human/Animations/Fight/Spell/A_Human_HoldSpellDown.uexp" 1239
"D:/UE5Game - Copy/Content/Assets/Entities/_Human/Animations/Fight/Spell/A_Human_HoldSpellSides.uasset" 1240
"D:/UE5Game - Copy/Content/Assets/Entities/_Human/Animations/Fight/Spell/A_Human_HoldSpellSides.uexp" 1241
"D:/UE5Game - Copy/Content/Assets/Entities/_Human/Animations/Fight/Spell/A_Human_HoldSpellUp.uasset" 1242
"D:/UE5Game - Copy/Content/Assets/Entities/_Human/Animations/Fight/Spell/A_Human_HoldSpellUp.uexp" 1243
"D:/UE5Game - Copy/Content/Assets/Entities/_Human/Animations/Fight/Sword/A_Human_Spin_Sword.uasset" 1244
"D:/UE5Game - Copy/Content/Assets/Entities/_Human/Animations/Fight/Sword/A_Human_Spin_Sword.uexp" 1245
"D:/UE5Game - Copy/Content/Assets/Entities/_Human/Animations/Fight/Sword/A_Human_SpinBall.uasset" 1246
"D:/UE5Game - Copy/Content/Assets/Entities/_Human/Animations/Fight/Sword/A_Human_SpinBall.uexp" 1247
"D:/UE5Game - Copy/Content/Assets/Entities/_Human/Animations/Fight/Sword/A_HumanSwordSalto.uasset" 1248
"D:/UE5Game - Copy/Content/Assets/Entities/_Human/Animations/Fight/Sword/A_HumanSwordSalto.uexp" 1249
"D:/UE5Game - Copy/Content/Assets/Entities/_Human/Animations/Fight/Sword/Animations_Anim_AttackSwordTwoHands1.uasset" 1250
"D:/UE5Game - Copy/Content/Assets/Entities/_Human/Animations/Fight/Sword/Animations_Anim_AttackSwordTwoHands1.uexp" 1251
"D:/UE5Game - Copy/Content/Assets/Entities/_Human/Animations/IDLE/A_Human_IDLE_Electricity.uasset" 1252
"D:/UE5Game - Copy/Content/Assets/Entities/_Human/Animations/IDLE/A_Human_IDLE_Electricity.uexp" 1253
"D:/UE5Game - Copy/Content/Assets/Entities/_Human/Animations/IDLE/A_Human_IDLE_KnockedDown.uasset" 1254
"D:/UE5Game - Copy/Content/Assets/Entities/_Human/Animations/IDLE/A_Human_IDLE_KnockedDown.uexp" 1255
"D:/UE5Game - Copy/Content/Assets/Entities/_Human/Animations/IDLE/Animations_Anim_IDLE_Knocked.uasset" 1256
"D:/UE5Game - Copy/Content/Assets/Entities/_Human/Animations/IDLE/Animations_Anim_IDLE_Knocked.uexp" 1257
"D:/UE5Game - Copy/Content/Assets/Entities/_Human/Animations/Movement/A_Human_PullUp.uasset" 1258
"D:/UE5Game - Copy/Content/Assets/Entities/_Human/Animations/Movement/A_Human_PullUp.uexp" 1259
"D:/UE5Game - Copy/Content/Assets/Entities/_Human/Animations/AM_HumanFullBody.uasset" 1260
"D:/UE5Game - Copy/Content/Assets/Entities/_Human/Animations/AM_HumanFullBody.uexp" 1261
"D:/UE5Game - Copy/Content/Assets/Entities/_Human/Animations/Fight/Hammer/A_HumanHammerR.uasset" 1262
"D:/UE5Game - Copy/Content/Assets/Entities/_Human/Animations/Fight/Hammer/A_HumanHammerR.uexp" 1263
"D:/UE5Game - Copy/Content/Assets/Entities/_Human/Animations/Fight/Spear/Animations_Anim_AttackSpearL.uasset" 1264
"D:/UE5Game - Copy/Content/Assets/Entities/_Human/Animations/Fight/Spear/Animations_Anim_AttackSpearL.uexp" 1265
"D:/UE5Game - Copy/Content/Assets/Entities/_Human/Animations/Fight/Hammer/A_HumanHammerL.uasset" 1266
"D:/UE5Game - Copy/Content/Assets/Entities/_Human/Animations/Fight/Hammer/A_HumanHammerL.uexp" 1267
"D:/UE5Game - Copy/Content/Assets/Entities/_Human/Animations/Fight/Punch/A_Human_HeavyPunchLeft.uasset" 1268
"D:/UE5Game - Copy/Content/Assets/Entities/_Human/Animations/Fight/Punch/A_Human_HeavyPunchLeft.uexp" 1269
"D:/UE5Game - Copy/Content/Assets/Entities/_Human/Animations/Fight/Sword/Animations_Anim_AttackSwordL.uasset" 1270
"D:/UE5Game - Copy/Content/Assets/Entities/_Human/Animations/Fight/Sword/Animations_Anim_AttackSwordL.uexp" 1271
"D:/UE5Game - Copy/Content/Assets/Entities/_Human/Animations/AM_HumanLeftBody.uasset" 1272
"D:/UE5Game - Copy/Content/Assets/Entities/_Human/Animations/AM_HumanLeftBody.uexp" 1273
"D:/UE5Game - Copy/Content/Assets/Sounds/Emotions/SW_Drink2.ubulk" 1274
"D:/UE5Game - Copy/Content/Assets/Sounds/Emotions/SW_Drink2.uasset" 1275
"D:/UE5Game - Copy/Content/Assets/Sounds/Emotions/SW_Drink2.uexp" 1276
"D:/UE5Game - Copy/Content/Assets/Sounds/Emotions/SW_Drink1.ubulk" 1277
"D:/UE5Game - Copy/Content/Assets/Sounds/Emotions/SW_Drink1.uasset" 1278
"D:/UE5Game - Copy/Content/Assets/Sounds/Emotions/SW_Drink1.uexp" 1279
"D:/UE5Game - Copy/Content/Assets/Entities/_Human/Animations/Emotions/A_Human_Drink.uasset" 1280
"D:/UE5Game - Copy/Content/Assets/Entities/_Human/Animations/Emotions/A_Human_Drink.uexp" 1281
"D:/UE5Game - Copy/Content/Assets/Entities/_Human/Animations/Emotions/A_Human_Eat.uasset" 1282
"D:/UE5Game - Copy/Content/Assets/Entities/_Human/Animations/Emotions/A_Human_Eat.uexp" 1283
"D:/UE5Game - Copy/Content/Assets/Entities/_Human/Animations/Fight/Punch/A_Human_HeavyPunchLeft1.uasset" 1284
"D:/UE5Game - Copy/Content/Assets/Entities/_Human/Animations/Fight/Punch/A_Human_HeavyPunchLeft1.uexp" 1285
"D:/UE5Game - Copy/Content/Assets/Entities/_Human/Animations/Fight/Spell/A_Human_HoldSpell.uasset" 1286
"D:/UE5Game - Copy/Content/Assets/Entities/_Human/Animations/Fight/Spell/A_Human_HoldSpell.uexp" 1287
"D:/UE5Game - Copy/Content/Assets/Entities/_Human/Animations/Fight/Rapier/A_Human_Rapier1.uasset" 1288
"D:/UE5Game - Copy/Content/Assets/Entities/_Human/Animations/Fight/Rapier/A_Human_Rapier1.uexp" 1289
"D:/UE5Game - Copy/Content/Assets/Entities/_Human/Animations/Fight/Shield/A_Human_HoldShield.uasset" 1290
"D:/UE5Game - Copy/Content/Assets/Entities/_Human/Animations/Fight/Shield/A_Human_HoldShield.uexp" 1291
"D:/UE5Game - Copy/Content/Assets/Entities/_Human/Animations/Fight/Spear/A_Human_AttackSpear1.uasset" 1292
"D:/UE5Game - Copy/Content/Assets/Entities/_Human/Animations/Fight/Spear/A_Human_AttackSpear1.uexp" 1293
"D:/UE5Game - Copy/Content/Assets/Entities/_Human/Animations/Fight/Spell/A_Human_CastSpell.uasset" 1294
"D:/UE5Game - Copy/Content/Assets/Entities/_Human/Animations/Fight/Spell/A_Human_CastSpell.uexp" 1295
"D:/UE5Game - Copy/Content/Assets/Entities/_Human/Animations/Fight/Sword/A_Human_AttackSword1.uasset" 1296
"D:/UE5Game - Copy/Content/Assets/Entities/_Human/Animations/Fight/Sword/A_Human_AttackSword1.uexp" 1297
"D:/UE5Game - Copy/Content/Assets/Entities/_Human/Animations/Fight/Sword/A_Human_AttackSword2.uasset" 1298
"D:/UE5Game - Copy/Content/Assets/Entities/_Human/Animations/Fight/Sword/A_Human_AttackSword2.uexp" 1299
"D:/UE5Game - Copy/Content/Assets/Entities/_Human/Animations/Fight/Throw/A_Human_Throw.uasset" 1300
"D:/UE5Game - Copy/Content/Assets/Entities/_Human/Animations/Fight/Throw/A_Human_Throw.uexp" 1301
"D:/UE5Game - Copy/Content/Assets/Entities/_Human/Animations/AM_HumanLeftHand.uasset" 1302
"D:/UE5Game - Copy/Content/Assets/Entities/_Human/Animations/AM_HumanLeftHand.uexp" 1303
"D:/UE5Game - Copy/Content/Assets/Entities/_Human/Animations/Movement/A_Human_Jump.uasset" 1304
"D:/UE5Game - Copy/Content/Assets/Entities/_Human/Animations/Movement/A_Human_Jump.uexp" 1305
"D:/UE5Game - Copy/Content/Assets/Entities/_Human/Animations/AM_HumanNoHands.uasset" 1306
"D:/UE5Game - Copy/Content/Assets/Entities/_Human/Animations/AM_HumanNoHands.uexp" 1307
"D:/UE5Game - Copy/Content/Assets/Entities/_Human/Animations/Fight/Punch/A_Human_HeavyPunchRight.uasset" 1308
"D:/UE5Game - Copy/Content/Assets/Entities/_Human/Animations/Fight/Punch/A_Human_HeavyPunchRight.uexp" 1309
"D:/UE5Game - Copy/Content/Assets/Entities/_Human/Animations/Fight/Spear/Animations_Anim_AttackSpearR.uasset" 1310
"D:/UE5Game - Copy/Content/Assets/Entities/_Human/Animations/Fight/Spear/Animations_Anim_AttackSpearR.uexp" 1311
"D:/UE5Game - Copy/Content/Assets/Entities/_Human/Animations/Fight/Sword/Animations_Anim_AttackSwordR.uasset" 1312
"D:/UE5Game - Copy/Content/Assets/Entities/_Human/Animations/Fight/Sword/Animations_Anim_AttackSwordR.uexp" 1313
"D:/UE5Game - Copy/Content/Assets/Entities/_Human/Animations/AM_HumanRightBody.uasset" 1314
"D:/UE5Game - Copy/Content/Assets/Entities/_Human/Animations/AM_HumanRightBody.uexp" 1315
"D:/UE5Game - Copy/Content/Assets/Entities/_Human/Animations/Fight/Gun/A_Human_ShootGun1.uasset" 1316
"D:/UE5Game - Copy/Content/Assets/Entities/_Human/Animations/Fight/Gun/A_Human_ShootGun1.uexp" 1317
"D:/UE5Game - Copy/Content/Assets/Entities/_Human/Animations/Fight/Punch/A_Human_HeavyPunchRight1.uasset" 1318
"D:/UE5Game - Copy/Content/Assets/Entities/_Human/Animations/Fight/Punch/A_Human_HeavyPunchRight1.uexp" 1319
"D:/UE5Game - Copy/Content/Assets/Entities/_Human/Animations/AM_HumanRightHand.uasset" 1320
"D:/UE5Game - Copy/Content/Assets/Entities/_Human/Animations/AM_HumanRightHand.uexp" 1321
"D:/UE5Game - Copy/Content/Assets/Entities/_Human/Animations/Fight/Gun/A_Human_ReloadGun.uasset" 1322
"D:/UE5Game - Copy/Content/Assets/Entities/_Human/Animations/Fight/Gun/A_Human_ReloadGun.uexp" 1323
"D:/UE5Game - Copy/Content/Assets/Entities/_Human/Animations/Fight/Punch/A_Human_HeavyPunchLeft2.uasset" 1324
"D:/UE5Game - Copy/Content/Assets/Entities/_Human/Animations/Fight/Punch/A_Human_HeavyPunchLeft2.uexp" 1325
"D:/UE5Game - Copy/Content/Assets/Entities/_Human/Animations/Fight/Punch/A_Human_HeavyPunchLeft3.uasset" 1326
"D:/UE5Game - Copy/Content/Assets/Entities/_Human/Animations/Fight/Punch/A_Human_HeavyPunchLeft3.uexp" 1327
"D:/UE5Game - Copy/Content/Assets/Entities/_Human/Animations/Fight/Punch/A_Human_HeavyPunchRight2.uasset" 1328
"D:/UE5Game - Copy/Content/Assets/Entities/_Human/Animations/Fight/Punch/A_Human_HeavyPunchRight2.uexp" 1329
"D:/UE5Game - Copy/Content/Assets/Entities/_Human/Animations/Fight/Punch/A_Human_HeavyPunchRight3.uasset" 1330
"D:/UE5Game - Copy/Content/Assets/Entities/_Human/Animations/Fight/Punch/A_Human_HeavyPunchRight3.uexp" 1331
"D:/UE5Game - Copy/Content/Assets/Entities/_Human/Animations/Fight/Shield/A_Human_HoldShieldTwoHands.uasset" 1332
"D:/UE5Game - Copy/Content/Assets/Entities/_Human/Animations/Fight/Shield/A_Human_HoldShieldTwoHands.uexp" 1333
"D:/UE5Game - Copy/Content/Assets/Entities/_Human/Animations/Fight/Shield/A_Human_TriggerShieldTwoHands.uasset" 1334
"D:/UE5Game - Copy/Content/Assets/Entities/_Human/Animations/Fight/Shield/A_Human_TriggerShieldTwoHands.uexp" 1335
"D:/UE5Game - Copy/Content/Assets/Entities/_Human/Animations/Fight/Spell/A_Human_CastSpellTwoHands.uasset" 1336
"D:/UE5Game - Copy/Content/Assets/Entities/_Human/Animations/Fight/Spell/A_Human_CastSpellTwoHands.uexp" 1337
"D:/UE5Game - Copy/Content/Assets/Entities/_Human/Animations/Fight/Spell/A_Human_HodlSpellAngle.uasset" 1338
"D:/UE5Game - Copy/Content/Assets/Entities/_Human/Animations/Fight/Spell/A_Human_HodlSpellAngle.uexp" 1339
"D:/UE5Game - Copy/Content/Assets/Entities/_Human/Animations/Fight/Sword/A_Human_AttackSwordTwoHands1.uasset" 1340
"D:/UE5Game - Copy/Content/Assets/Entities/_Human/Animations/Fight/Sword/A_Human_AttackSwordTwoHands1.uexp" 1341
"D:/UE5Game - Copy/Content/Assets/Entities/_Human/Animations/Fight/Sword/A_Human_AttackSwordTwoHands2.uasset" 1342
"D:/UE5Game - Copy/Content/Assets/Entities/_Human/Animations/Fight/Sword/A_Human_AttackSwordTwoHands2.uexp" 1343
"D:/UE5Game - Copy/Content/Assets/Entities/_Human/Animations/Fight/Sword/A_Human_AttackSwordTwoHands3.uasset" 1344
"D:/UE5Game - Copy/Content/Assets/Entities/_Human/Animations/Fight/Sword/A_Human_AttackSwordTwoHands3.uexp" 1345
"D:/UE5Game - Copy/Content/Assets/Entities/_Human/Animations/Fight/Sword/A_Human_SwordBlock.uasset" 1346
"D:/UE5Game - Copy/Content/Assets/Entities/_Human/Animations/Fight/Sword/A_Human_SwordBlock.uexp" 1347
"D:/UE5Game - Copy/Content/Assets/Entities/_Human/Animations/Fight/Sword/A_Human_SwordParry.uasset" 1348
"D:/UE5Game - Copy/Content/Assets/Entities/_Human/Animations/Fight/Sword/A_Human_SwordParry.uexp" 1349
"D:/UE5Game - Copy/Content/Assets/Entities/_Human/Animations/Fight/Throw/A_Human_ThrowTwoHands.uasset" 1350
"D:/UE5Game - Copy/Content/Assets/Entities/_Human/Animations/Fight/Throw/A_Human_ThrowTwoHands.uexp" 1351
"D:/UE5Game - Copy/Content/Assets/Entities/_Human/Animations/AM_HumanTwoHands.uasset" 1352
"D:/UE5Game - Copy/Content/Assets/Entities/_Human/Animations/AM_HumanTwoHands.uexp" 1353
"D:/UE5Game - Copy/Content/Blueprints/Animations/AC_AnimHumanoid.uasset" 1354
"D:/UE5Game - Copy/Content/Blueprints/Animations/AC_AnimHumanoid.uexp" 1355
"D:/UE5Game - Copy/Content/Blueprints/StorageSystem/E_StorageType.uasset" 1356
"D:/UE5Game - Copy/Content/Blueprints/StorageSystem/E_StorageType.uexp" 1357
"D:/UE5Game - Copy/Content/Blueprints/StorageSystem/BFL_Storage.uasset" 1358
"D:/UE5Game - Copy/Content/Blueprints/StorageSystem/BFL_Storage.uexp" 1359
"D:/UE5Game - Copy/Content/Blueprints/StorageSystem/S_DragData.uasset" 1360
"D:/UE5Game - Copy/Content/Blueprints/StorageSystem/S_DragData.uexp" 1361
"D:/UE5Game - Copy/Content/Blueprints/SaveLoad/Components/S_SAVE_EQUIP_COMP.uasset" 1362
"D:/UE5Game - Copy/Content/Blueprints/SaveLoad/Components/S_SAVE_EQUIP_COMP.uexp" 1363
"D:/UE5Game - Copy/Content/Blueprints/Items/E_ItemState.uasset" 1364
"D:/UE5Game - Copy/Content/Blueprints/Items/E_ItemState.uexp" 1365
"D:/UE5Game - Copy/Content/Data/BodyParts/S_Hair.uasset" 1366
"D:/UE5Game - Copy/Content/Data/BodyParts/S_Hair.uexp" 1367
"D:/UE5Game - Copy/Content/Assets/Models/Hair/S_Hair.uasset" 1368
"D:/UE5Game - Copy/Content/Assets/Models/Hair/S_Hair.uexp" 1369
"D:/UE5Game - Copy/Content/Assets/Models/Hair/SM_Tail.uasset" 1370
"D:/UE5Game - Copy/Content/Assets/Models/Hair/SM_Tail.uexp" 1371
"D:/UE5Game - Copy/Content/Assets/Textures/Hair/T_tail1.uasset" 1372
"D:/UE5Game - Copy/Content/Assets/Textures/Hair/T_tail1.uexp" 1373
"D:/UE5Game - Copy/Content/Data/BodyParts/DT_Hair.uasset" 1374
"D:/UE5Game - Copy/Content/Data/BodyParts/DT_Hair.uexp" 1375
"D:/UE5Game - Copy/Content/Assets/Textures/Hair/T_FlatBeard1.uasset" 1376
"D:/UE5Game - Copy/Content/Assets/Textures/Hair/T_FlatBeard1.uexp" 1377
"D:/UE5Game - Copy/Content/Data/BodyParts/DT_Beard.uasset" 1378
"D:/UE5Game - Copy/Content/Data/BodyParts/DT_Beard.uexp" 1379
"../../../Engine/Content/Functions/Engine_MaterialFunctions02/ExampleContent/Textures/flipbook.ubulk" 1380
"../../../Engine/Content/Functions/Engine_MaterialFunctions02/ExampleContent/Textures/flipbook.uasset" 1381
"../../../Engine/Content/Functions/Engine_MaterialFunctions02/ExampleContent/Textures/flipbook.uexp" 1382
"../../../Engine/Content/Functions/Engine_MaterialFunctions02/Utility/BreakOutFloat2Components.uasset" 1383
"../../../Engine/Content/Functions/Engine_MaterialFunctions02/Utility/BreakOutFloat2Components.uexp" 1384
"../../../Engine/Content/Functions/Engine_MaterialFunctions01/Texturing/TextureCropping.uasset" 1385
"../../../Engine/Content/Functions/Engine_MaterialFunctions01/Texturing/TextureCropping.uexp" 1386
"../../../Engine/Content/Functions/Engine_MaterialFunctions01/Texturing/ComputeMipLevel.uasset" 1387
"../../../Engine/Content/Functions/Engine_MaterialFunctions01/Texturing/ComputeMipLevel.uexp" 1388
"../../../Engine/Content/Functions/Engine_MaterialFunctions02/ExampleContent/DebugNumberStrip.uasset" 1389
"../../../Engine/Content/Functions/Engine_MaterialFunctions02/ExampleContent/DebugNumberStrip.uexp" 1390
"../../../Engine/Content/Functions/Engine_MaterialFunctions02/ExampleContent/Textures/DebugNumberPeriod.uasset" 1391
"../../../Engine/Content/Functions/Engine_MaterialFunctions02/ExampleContent/Textures/DebugNumberPeriod.uexp" 1392
"../../../Engine/Content/Functions/Engine_MaterialFunctions02/Utility/DebugScalarValues.uasset" 1393
"../../../Engine/Content/Functions/Engine_MaterialFunctions02/Utility/DebugScalarValues.uexp" 1394
"../../../Engine/Content/Functions/Engine_MaterialFunctions02/Utility/DebugFloat2Values.uasset" 1395
"../../../Engine/Content/Functions/Engine_MaterialFunctions02/Utility/DebugFloat2Values.uexp" 1396
"../../../Engine/Content/Functions/Engine_MaterialFunctions02/Texturing/FlipBook.uasset" 1397
"../../../Engine/Content/Functions/Engine_MaterialFunctions02/Texturing/FlipBook.uexp" 1398
"D:/UE5Game - Copy/Content/Assets/Textures/Hair/T_Skin.uasset" 1399
"D:/UE5Game - Copy/Content/Assets/Textures/Hair/T_Skin.uexp" 1400
"D:/UE5Game - Copy/Content/Assets/Materials/Emotions/MF_GetAssetFromList.uasset" 1401
"D:/UE5Game - Copy/Content/Assets/Materials/Emotions/MF_GetAssetFromList.uexp" 1402
"D:/UE5Game - Copy/Content/Assets/Materials/Emotions/MF_AddLightAndSaturation.uasset" 1403
"D:/UE5Game - Copy/Content/Assets/Materials/Emotions/MF_AddLightAndSaturation.uexp" 1404
"D:/UE5Game - Copy/Content/Assets/Materials/Emotions/M_Hair.uasset" 1405
"D:/UE5Game - Copy/Content/Assets/Materials/Emotions/M_Hair.uexp" 1406
"D:/UE5Game - Copy/Content/Assets/Materials/Emotions/MI_Hair.uasset" 1407
"D:/UE5Game - Copy/Content/Assets/Materials/Emotions/MI_Hair.uexp" 1408
"D:/UE5Game - Copy/Content/Assets/Models/Hair/BP_Hair.uasset" 1409
"D:/UE5Game - Copy/Content/Assets/Models/Hair/BP_Hair.uexp" 1410
"D:/UE5Game - Copy/Content/Assets/Textures/Equipment/T_PantsMan.ubulk" 1411
"D:/UE5Game - Copy/Content/Assets/Textures/Equipment/T_PantsMan.uasset" 1412
"D:/UE5Game - Copy/Content/Assets/Textures/Equipment/T_PantsMan.uexp" 1413
"D:/UE5Game - Copy/Content/Assets/Textures/Equipment/T_PantsWoman.ubulk" 1414
"D:/UE5Game - Copy/Content/Assets/Textures/Equipment/T_PantsWoman.uasset" 1415
"D:/UE5Game - Copy/Content/Assets/Textures/Equipment/T_PantsWoman.uexp" 1416
"D:/UE5Game - Copy/Content/Blueprints/StorageSystem/AC_Equipment.uasset" 1417
"D:/UE5Game - Copy/Content/Blueprints/StorageSystem/AC_Equipment.uexp" 1418
"D:/UE5Game - Copy/Content/Blueprints/StorageSystem/BP_DragItem.uasset" 1419
"D:/UE5Game - Copy/Content/Blueprints/StorageSystem/BP_DragItem.uexp" 1420
"../../../Engine/Content/MobileResources/HUD/AnalogHat.uasset" 1421
"../../../Engine/Content/MobileResources/HUD/AnalogHat.uexp" 1422
"D:/UE5Game - Copy/Content/Assets/Sounds/Weapon/SW_Throw.ubulk" 1423
"D:/UE5Game - Copy/Content/Assets/Sounds/Weapon/SW_Throw.uasset" 1424
"D:/UE5Game - Copy/Content/Assets/Sounds/Weapon/SW_Throw.uexp" 1425
"D:/UE5Game - Copy/Content/Blueprints/SkillSystem/Skills/Attack/Throw/AS_ThrowBase.uasset" 1426
"D:/UE5Game - Copy/Content/Blueprints/SkillSystem/Skills/Attack/Throw/AS_ThrowBase.uexp" 1427
"D:/UE5Game - Copy/Content/Blueprints/StorageSystem/AC_BaseStorage.uasset" 1428
"D:/UE5Game - Copy/Content/Blueprints/StorageSystem/AC_BaseStorage.uexp" 1429
"D:/UE5Game - Copy/Content/Blueprints/SkillSystem/Skills/Base/AS_EquipItem.uasset" 1430
"D:/UE5Game - Copy/Content/Blueprints/SkillSystem/Skills/Base/AS_EquipItem.uexp" 1431
"D:/UE5Game - Copy/Content/Data/BaseData/DT_BaseEquip.uasset" 1432
"D:/UE5Game - Copy/Content/Data/BaseData/DT_BaseEquip.uexp" 1433
"D:/UE5Game - Copy/Content/Assets/Icons/Items/Weapon/Bullets/ICON_Arrow.uasset" 1434
"D:/UE5Game - Copy/Content/Assets/Icons/Items/Weapon/Bullets/ICON_Arrow.uexp" 1435
"D:/UE5Game - Copy/Content/Assets/Icons/Items/Weapon/Bullets/ICON_ArrowFire.uasset" 1436
"D:/UE5Game - Copy/Content/Assets/Icons/Items/Weapon/Bullets/ICON_ArrowFire.uexp" 1437
"D:/UE5Game - Copy/Content/Assets/Icons/Items/Weapon/Bullets/ICON_ArrowPoison.uasset" 1438
"D:/UE5Game - Copy/Content/Assets/Icons/Items/Weapon/Bullets/ICON_ArrowPoison.uexp" 1439
"D:/UE5Game - Copy/Content/Assets/Icons/Items/Weapon/Bullets/ICON_Bullet.uasset" 1440
"D:/UE5Game - Copy/Content/Assets/Icons/Items/Weapon/Bullets/ICON_Bullet.uexp" 1441
"D:/UE5Game - Copy/Content/Assets/Icons/Items/Weapon/Bullets/ICON_BulletShortgun.uasset" 1442
"D:/UE5Game - Copy/Content/Assets/Icons/Items/Weapon/Bullets/ICON_BulletShortgun.uexp" 1443
"D:/UE5Game - Copy/Content/Assets/Icons/Items/Weapon/Bullets/ICON_BulletSilver.uasset" 1444
"D:/UE5Game - Copy/Content/Assets/Icons/Items/Weapon/Bullets/ICON_BulletSilver.uexp" 1445
"D:/UE5Game - Copy/Content/Assets/Icons/Items/Weapon/Bullets/ICON_rocket.uasset" 1446
"D:/UE5Game - Copy/Content/Assets/Icons/Items/Weapon/Bullets/ICON_rocket.uexp" 1447
"D:/UE5Game - Copy/Content/Assets/Models/Weapon/Bullets/SM_Arrow.ubulk" 1448
"D:/UE5Game - Copy/Content/Assets/Models/Weapon/Bullets/SM_Arrow.uasset" 1449
"D:/UE5Game - Copy/Content/Assets/Models/Weapon/Bullets/SM_Arrow.uexp" 1450
"D:/UE5Game - Copy/Content/Assets/Models/Weapon/Bullets/SM_Bullet.ubulk" 1451
"D:/UE5Game - Copy/Content/Assets/Models/Weapon/Bullets/SM_Bullet.uasset" 1452
"D:/UE5Game - Copy/Content/Assets/Models/Weapon/Bullets/SM_Bullet.uexp" 1453
"D:/UE5Game - Copy/Content/Assets/Models/Weapon/Bullets/SM_Rocket.ubulk" 1454
"D:/UE5Game - Copy/Content/Assets/Models/Weapon/Bullets/SM_Rocket.uasset" 1455
"D:/UE5Game - Copy/Content/Assets/Models/Weapon/Bullets/SM_Rocket.uexp" 1456
"D:/UE5Game - Copy/Content/Assets/Textures/Weapon/Bullets/T_Arrow.uasset" 1457
"D:/UE5Game - Copy/Content/Assets/Textures/Weapon/Bullets/T_Arrow.uexp" 1458
"D:/UE5Game - Copy/Content/Assets/Textures/Weapon/Bullets/T_Bullet.uasset" 1459
"D:/UE5Game - Copy/Content/Assets/Textures/Weapon/Bullets/T_Bullet.uexp" 1460
"D:/UE5Game - Copy/Content/Assets/Textures/Weapon/Bullets/T_bulletShortGun.uasset" 1461
"D:/UE5Game - Copy/Content/Assets/Textures/Weapon/Bullets/T_bulletShortGun.uexp" 1462
"D:/UE5Game - Copy/Content/Assets/Textures/Weapon/Bullets/T_BulletSilver.uasset" 1463
"D:/UE5Game - Copy/Content/Assets/Textures/Weapon/Bullets/T_BulletSilver.uexp" 1464
"D:/UE5Game - Copy/Content/Assets/Textures/Weapon/T_bazooka_rocket.uasset" 1465
"D:/UE5Game - Copy/Content/Assets/Textures/Weapon/T_bazooka_rocket.uexp" 1466
"D:/UE5Game - Copy/Content/VFX/Fire/NS_FireOnBullet.uasset" 1467
"D:/UE5Game - Copy/Content/VFX/Fire/NS_FireOnBullet.uexp" 1468
"D:/UE5Game - Copy/Content/Assets/Materials/Weapon/M_Weapon.uasset" 1469
"D:/UE5Game - Copy/Content/Assets/Materials/Weapon/M_Weapon.uexp" 1470
"D:/UE5Game - Copy/Content/Assets/Materials/Weapon/MI_Arrow.uasset" 1471
"D:/UE5Game - Copy/Content/Assets/Materials/Weapon/MI_Arrow.uexp" 1472
"D:/UE5Game - Copy/Content/Blueprints/Items/Weapon/BulletItems/A_ItemArrowFire.uasset" 1473
"D:/UE5Game - Copy/Content/Blueprints/Items/Weapon/BulletItems/A_ItemArrowFire.uexp" 1474
"D:/UE5Game - Copy/Content/Assets/Textures/VFX/T_VFX_PoisonSplash.uasset" 1475
"D:/UE5Game - Copy/Content/Assets/Textures/VFX/T_VFX_PoisonSplash.uexp" 1476
"D:/UE5Game - Copy/Content/Assets/Materials/VFX/M_VFX_Material.uasset" 1477
"D:/UE5Game - Copy/Content/Assets/Materials/VFX/M_VFX_Material.uexp" 1478
"D:/UE5Game - Copy/Content/Assets/Materials/VFX/MI_VFX_Poison.uasset" 1479
"D:/UE5Game - Copy/Content/Assets/Materials/VFX/MI_VFX_Poison.uexp" 1480
"D:/UE5Game - Copy/Content/VFX/Poison/NS_PoisonPoint.uasset" 1481
"D:/UE5Game - Copy/Content/VFX/Poison/NS_PoisonPoint.uexp" 1482
"D:/UE5Game - Copy/Content/Blueprints/Items/Weapon/BulletItems/A_ItemArrowPoison.uasset" 1483
"D:/UE5Game - Copy/Content/Blueprints/Items/Weapon/BulletItems/A_ItemArrowPoison.uexp" 1484
"D:/UE5Game - Copy/Content/Data/BaseData/DT_BaseBullet.uasset" 1485
"D:/UE5Game - Copy/Content/Data/BaseData/DT_BaseBullet.uexp" 1486
"D:/UE5Game - Copy/Content/VFX/Weapon/NS_CircularSmoke.uasset" 1487
"D:/UE5Game - Copy/Content/VFX/Weapon/NS_CircularSmoke.uexp" 1488
"D:/UE5Game - Copy/Content/Blueprints/Items/Weapon/Guns/BP_Bazooka.uasset" 1489
"D:/UE5Game - Copy/Content/Blueprints/Items/Weapon/Guns/BP_Bazooka.uexp" 1490
"D:/UE5Game - Copy/Content/Blueprints/Items/Weapon/Guns/BP_Bow.uasset" 1491
"D:/UE5Game - Copy/Content/Blueprints/Items/Weapon/Guns/BP_Bow.uexp" 1492
"D:/UE5Game - Copy/Content/VFX/Weapon/NS_Shortgun.uasset" 1493
"D:/UE5Game - Copy/Content/VFX/Weapon/NS_Shortgun.uexp" 1494
"D:/UE5Game - Copy/Content/Blueprints/Items/Weapon/Guns/BP_Shortgun.uasset" 1495
"D:/UE5Game - Copy/Content/Blueprints/Items/Weapon/Guns/BP_Shortgun.uexp" 1496
"D:/UE5Game - Copy/Content/Data/Weapon/Bullets/S_Bullet.uasset" 1497
"D:/UE5Game - Copy/Content/Data/Weapon/Bullets/S_Bullet.uexp" 1498
"D:/UE5Game - Copy/Content/Blueprints/Items/Bullets/A_Arrow.uasset" 1499
"D:/UE5Game - Copy/Content/Blueprints/Items/Bullets/A_Arrow.uexp" 1500
"D:/UE5Game - Copy/Content/Blueprints/Items/Bullets/A_ArrowFire.uasset" 1501
"D:/UE5Game - Copy/Content/Blueprints/Items/Bullets/A_ArrowFire.uexp" 1502
"D:/UE5Game - Copy/Content/Blueprints/Items/Bullets/A_ArrowPoison.uasset" 1503
"D:/UE5Game - Copy/Content/Blueprints/Items/Bullets/A_ArrowPoison.uexp" 1504
"D:/UE5Game - Copy/Content/Blueprints/Items/Bullets/A_BazookaRocket.uasset" 1505
"D:/UE5Game - Copy/Content/Blueprints/Items/Bullets/A_BazookaRocket.uexp" 1506
"D:/UE5Game - Copy/Content/Data/Weapon/Bullets/DT_Bullets.uasset" 1507
"D:/UE5Game - Copy/Content/Data/Weapon/Bullets/DT_Bullets.uexp" 1508
"D:/UE5Game - Copy/Content/Data/O_Bullet.uasset" 1509
"D:/UE5Game - Copy/Content/Data/O_Bullet.uexp" 1510
"D:/UE5Game - Copy/Content/Data/Weapon/Guns/S_DataGun.uasset" 1511
"D:/UE5Game - Copy/Content/Data/Weapon/Guns/S_DataGun.uexp" 1512
"D:/UE5Game - Copy/Content/Assets/Sounds/Weapon/Bow/SW_Bow1.ubulk" 1513
"D:/UE5Game - Copy/Content/Assets/Sounds/Weapon/Bow/SW_Bow1.uasset" 1514
"D:/UE5Game - Copy/Content/Assets/Sounds/Weapon/Bow/SW_Bow1.uexp" 1515
"D:/UE5Game - Copy/Content/Assets/Sounds/Weapon/Bow/SW_Arrow2.ubulk" 1516
"D:/UE5Game - Copy/Content/Assets/Sounds/Weapon/Bow/SW_Arrow2.uasset" 1517
"D:/UE5Game - Copy/Content/Assets/Sounds/Weapon/Bow/SW_Arrow2.uexp" 1518
"D:/UE5Game - Copy/Content/Assets/Sounds/Weapon/Bow/SW_Arrow1.ubulk" 1519
"D:/UE5Game - Copy/Content/Assets/Sounds/Weapon/Bow/SW_Arrow1.uasset" 1520
"D:/UE5Game - Copy/Content/Assets/Sounds/Weapon/Bow/SW_Arrow1.uexp" 1521
"D:/UE5Game - Copy/Content/Blueprints/SkillSystem/Skills/Attack/Bow/AS_BowShoot.uasset" 1522
"D:/UE5Game - Copy/Content/Blueprints/SkillSystem/Skills/Attack/Bow/AS_BowShoot.uexp" 1523
"D:/UE5Game - Copy/Content/Assets/Sounds/Weapon/SW_GunReload.ubulk" 1524
"D:/UE5Game - Copy/Content/Assets/Sounds/Weapon/SW_GunReload.uasset" 1525
"D:/UE5Game - Copy/Content/Assets/Sounds/Weapon/SW_GunReload.uexp" 1526
"D:/UE5Game - Copy/Content/Blueprints/SkillSystem/Skills/Attack/ACS_Shoot.uasset" 1527
"D:/UE5Game - Copy/Content/Blueprints/SkillSystem/Skills/Attack/ACS_Shoot.uexp" 1528
"D:/UE5Game - Copy/Content/Blueprints/SkillSystem/Skills/Attack/Gun/AS_Reload.uasset" 1529
"D:/UE5Game - Copy/Content/Blueprints/SkillSystem/Skills/Attack/Gun/AS_Reload.uexp" 1530
"D:/UE5Game - Copy/Content/Blueprints/SkillSystem/Costs/C_BulletCost.uasset" 1531
"D:/UE5Game - Copy/Content/Blueprints/SkillSystem/Costs/C_BulletCost.uexp" 1532
"D:/UE5Game - Copy/Content/Assets/Sounds/Weapon/SW_gun4.ubulk" 1533
"D:/UE5Game - Copy/Content/Assets/Sounds/Weapon/SW_gun4.uasset" 1534
"D:/UE5Game - Copy/Content/Assets/Sounds/Weapon/SW_gun4.uexp" 1535
"D:/UE5Game - Copy/Content/Assets/Sounds/Weapon/SW_gun3.ubulk" 1536
"D:/UE5Game - Copy/Content/Assets/Sounds/Weapon/SW_gun3.uasset" 1537
"D:/UE5Game - Copy/Content/Assets/Sounds/Weapon/SW_gun3.uexp" 1538
"D:/UE5Game - Copy/Content/Assets/Sounds/Weapon/SW_gun2.ubulk" 1539
"D:/UE5Game - Copy/Content/Assets/Sounds/Weapon/SW_gun2.uasset" 1540
"D:/UE5Game - Copy/Content/Assets/Sounds/Weapon/SW_gun2.uexp" 1541
"D:/UE5Game - Copy/Content/Assets/Sounds/Weapon/SW_gun1.ubulk" 1542
"D:/UE5Game - Copy/Content/Assets/Sounds/Weapon/SW_gun1.uasset" 1543
"D:/UE5Game - Copy/Content/Assets/Sounds/Weapon/SW_gun1.uexp" 1544
"D:/UE5Game - Copy/Content/Blueprints/SkillSystem/Skills/Attack/Gun/AS_ShootGun.uasset" 1545
"D:/UE5Game - Copy/Content/Blueprints/SkillSystem/Skills/Attack/Gun/AS_ShootGun.uexp" 1546
"D:/UE5Game - Copy/Content/Assets/Sounds/Weapon/SW_bazooka2.ubulk" 1547
"D:/UE5Game - Copy/Content/Assets/Sounds/Weapon/SW_bazooka2.uasset" 1548
"D:/UE5Game - Copy/Content/Assets/Sounds/Weapon/SW_bazooka2.uexp" 1549
"D:/UE5Game - Copy/Content/Assets/Sounds/Weapon/SW_bazooka1.ubulk" 1550
"D:/UE5Game - Copy/Content/Assets/Sounds/Weapon/SW_bazooka1.uasset" 1551
"D:/UE5Game - Copy/Content/Assets/Sounds/Weapon/SW_bazooka1.uexp" 1552
"D:/UE5Game - Copy/Content/Blueprints/SkillSystem/Skills/Attack/Gun/AS_ShootBazooka.uasset" 1553
"D:/UE5Game - Copy/Content/Blueprints/SkillSystem/Skills/Attack/Gun/AS_ShootBazooka.uexp" 1554
"D:/UE5Game - Copy/Content/Assets/Sounds/Weapon/SW_shortgun3.ubulk" 1555
"D:/UE5Game - Copy/Content/Assets/Sounds/Weapon/SW_shortgun3.uasset" 1556
"D:/UE5Game - Copy/Content/Assets/Sounds/Weapon/SW_shortgun3.uexp" 1557
"D:/UE5Game - Copy/Content/Assets/Sounds/Weapon/SW_shortgun2.ubulk" 1558
"D:/UE5Game - Copy/Content/Assets/Sounds/Weapon/SW_shortgun2.uasset" 1559
"D:/UE5Game - Copy/Content/Assets/Sounds/Weapon/SW_shortgun2.uexp" 1560
"D:/UE5Game - Copy/Content/Assets/Sounds/Weapon/SW_shortgun1.ubulk" 1561
"D:/UE5Game - Copy/Content/Assets/Sounds/Weapon/SW_shortgun1.uasset" 1562
"D:/UE5Game - Copy/Content/Assets/Sounds/Weapon/SW_shortgun1.uexp" 1563
"D:/UE5Game - Copy/Content/Blueprints/SkillSystem/Skills/Attack/Gun/AS_ShootShortGun.uasset" 1564
"D:/UE5Game - Copy/Content/Blueprints/SkillSystem/Skills/Attack/Gun/AS_ShootShortGun.uexp" 1565
"D:/UE5Game - Copy/Content/VFX/NS_WeaponTrail.uasset" 1566
"D:/UE5Game - Copy/Content/VFX/NS_WeaponTrail.uexp" 1567
"D:/UE5Game - Copy/Content/Blueprints/SkillSystem/Skills/Attack/AS_SimpleAttack.uasset" 1568
"D:/UE5Game - Copy/Content/Blueprints/SkillSystem/Skills/Attack/AS_SimpleAttack.uexp" 1569
"D:/UE5Game - Copy/Content/Blueprints/SkillSystem/Skills/Attack/Hammer/AS_HammerL.uasset" 1570
"D:/UE5Game - Copy/Content/Blueprints/SkillSystem/Skills/Attack/Hammer/AS_HammerL.uexp" 1571
"D:/UE5Game - Copy/Content/Blueprints/SkillSystem/Skills/Attack/Hammer/AS_HammerR.uasset" 1572
"D:/UE5Game - Copy/Content/Blueprints/SkillSystem/Skills/Attack/Hammer/AS_HammerR.uexp" 1573
"D:/UE5Game - Copy/Content/Blueprints/SkillSystem/Skills/Attack/Rapier/AS_RapierL.uasset" 1574
"D:/UE5Game - Copy/Content/Blueprints/SkillSystem/Skills/Attack/Rapier/AS_RapierL.uexp" 1575
"D:/UE5Game - Copy/Content/Blueprints/SkillSystem/Skills/Attack/Rapier/AS_RapierMany.uasset" 1576
"D:/UE5Game - Copy/Content/Blueprints/SkillSystem/Skills/Attack/Rapier/AS_RapierMany.uexp" 1577
"D:/UE5Game - Copy/Content/Blueprints/SkillSystem/Skills/Attack/Rapier/AS_RapierR.uasset" 1578
"D:/UE5Game - Copy/Content/Blueprints/SkillSystem/Skills/Attack/Rapier/AS_RapierR.uexp" 1579
"D:/UE5Game - Copy/Content/Blueprints/SkillSystem/Skills/Attack/Rapier/AS_RapierStrong.uasset" 1580
"D:/UE5Game - Copy/Content/Blueprints/SkillSystem/Skills/Attack/Rapier/AS_RapierStrong.uexp" 1581
"D:/UE5Game - Copy/Content/Assets/Textures/VFX/T_VFX_Stars.uasset" 1582
"D:/UE5Game - Copy/Content/Assets/Textures/VFX/T_VFX_Stars.uexp" 1583
"D:/UE5Game - Copy/Content/Assets/Materials/VFX/MI_VFX_Stars.uasset" 1584
"D:/UE5Game - Copy/Content/Assets/Materials/VFX/MI_VFX_Stars.uexp" 1585
"D:/UE5Game - Copy/Content/VFX/Weapon/NS_Knocked.uasset" 1586
"D:/UE5Game - Copy/Content/VFX/Weapon/NS_Knocked.uexp" 1587
"D:/UE5Game - Copy/Content/Blueprints/SkillSystem/Effects/AE_Knocked.uasset" 1588
"D:/UE5Game - Copy/Content/Blueprints/SkillSystem/Effects/AE_Knocked.uexp" 1589
"D:/UE5Game - Copy/Content/Assets/Sounds/Weapon/SW_Block.ubulk" 1590
"D:/UE5Game - Copy/Content/Assets/Sounds/Weapon/SW_Block.uasset" 1591
"D:/UE5Game - Copy/Content/Assets/Sounds/Weapon/SW_Block.uexp" 1592
"D:/UE5Game - Copy/Content/Blueprints/SkillSystem/Skills/Attack/ACS_Block.uasset" 1593
"D:/UE5Game - Copy/Content/Blueprints/SkillSystem/Skills/Attack/ACS_Block.uexp" 1594
"D:/UE5Game - Copy/Content/Blueprints/SkillSystem/Skills/Attack/AS_SimpleBlock.uasset" 1595
"D:/UE5Game - Copy/Content/Blueprints/SkillSystem/Skills/Attack/AS_SimpleBlock.uexp" 1596
"D:/UE5Game - Copy/Content/Blueprints/SkillSystem/Skills/Attack/Shield/AS_Shield2L.uasset" 1597
"D:/UE5Game - Copy/Content/Blueprints/SkillSystem/Skills/Attack/Shield/AS_Shield2L.uexp" 1598
"D:/UE5Game - Copy/Content/Blueprints/SkillSystem/Skills/Attack/Shield/AS_Shield2R.uasset" 1599
"D:/UE5Game - Copy/Content/Blueprints/SkillSystem/Skills/Attack/Shield/AS_Shield2R.uexp" 1600
"D:/UE5Game - Copy/Content/Blueprints/SkillSystem/Skills/Attack/Shield/AS_ShieldL.uasset" 1601
"D:/UE5Game - Copy/Content/Blueprints/SkillSystem/Skills/Attack/Shield/AS_ShieldL.uexp" 1602
"D:/UE5Game - Copy/Content/Blueprints/SkillSystem/Skills/Attack/Shield/AS_ShieldR.uasset" 1603
"D:/UE5Game - Copy/Content/Blueprints/SkillSystem/Skills/Attack/Shield/AS_ShieldR.uexp" 1604
"D:/UE5Game - Copy/Content/Blueprints/SkillSystem/Skills/Attack/AS_SimpleHold.uasset" 1605
"D:/UE5Game - Copy/Content/Blueprints/SkillSystem/Skills/Attack/AS_SimpleHold.uexp" 1606
"D:/UE5Game - Copy/Content/Blueprints/SkillSystem/Skills/Attack/Spear/AS_Spear2L.uasset" 1607
"D:/UE5Game - Copy/Content/Blueprints/SkillSystem/Skills/Attack/Spear/AS_Spear2L.uexp" 1608
"D:/UE5Game - Copy/Content/Blueprints/SkillSystem/Skills/Attack/Spear/AS_Spear2R.uasset" 1609
"D:/UE5Game - Copy/Content/Blueprints/SkillSystem/Skills/Attack/Spear/AS_Spear2R.uexp" 1610
"D:/UE5Game - Copy/Content/Blueprints/SkillSystem/Skills/Attack/Spear/AS_SpearL.uasset" 1611
"D:/UE5Game - Copy/Content/Blueprints/SkillSystem/Skills/Attack/Spear/AS_SpearL.uexp" 1612
"D:/UE5Game - Copy/Content/Blueprints/SkillSystem/Skills/Attack/Spear/AS_SpearR.uasset" 1613
"D:/UE5Game - Copy/Content/Blueprints/SkillSystem/Skills/Attack/Spear/AS_SpearR.uexp" 1614
"D:/UE5Game - Copy/Content/Blueprints/SkillSystem/Skills/Attack/Sword/AS_Sword2R.uasset" 1615
"D:/UE5Game - Copy/Content/Blueprints/SkillSystem/Skills/Attack/Sword/AS_Sword2R.uexp" 1616
"D:/UE5Game - Copy/Content/Blueprints/SkillSystem/Skills/Attack/Sword/AS_Sword2RSlow.uasset" 1617
"D:/UE5Game - Copy/Content/Blueprints/SkillSystem/Skills/Attack/Sword/AS_Sword2RSlow.uexp" 1618
"D:/UE5Game - Copy/Content/Blueprints/SkillSystem/Skills/Attack/Sword/AS_SwordL.uasset" 1619
"D:/UE5Game - Copy/Content/Blueprints/SkillSystem/Skills/Attack/Sword/AS_SwordL.uexp" 1620
"D:/UE5Game - Copy/Content/Assets/Sounds/Weapon/SW_Parry.ubulk" 1621
"D:/UE5Game - Copy/Content/Assets/Sounds/Weapon/SW_Parry.uasset" 1622
"D:/UE5Game - Copy/Content/Assets/Sounds/Weapon/SW_Parry.uexp" 1623
"D:/UE5Game - Copy/Content/VFX/Weapon/NS_Parry.uasset" 1624
"D:/UE5Game - Copy/Content/VFX/Weapon/NS_Parry.uexp" 1625
"D:/UE5Game - Copy/Content/Blueprints/SkillSystem/Skills/Attack/ACS_Parry.uasset" 1626
"D:/UE5Game - Copy/Content/Blueprints/SkillSystem/Skills/Attack/ACS_Parry.uexp" 1627
"D:/UE5Game - Copy/Content/Blueprints/SkillSystem/Skills/Attack/AS_SimpleParryBlock.uasset" 1628
"D:/UE5Game - Copy/Content/Blueprints/SkillSystem/Skills/Attack/AS_SimpleParryBlock.uexp" 1629
"D:/UE5Game - Copy/Content/Blueprints/SkillSystem/Skills/Attack/Sword/AS_SwordParryBlock.uasset" 1630
"D:/UE5Game - Copy/Content/Blueprints/SkillSystem/Skills/Attack/Sword/AS_SwordParryBlock.uexp" 1631
"D:/UE5Game - Copy/Content/Blueprints/SkillSystem/Skills/Attack/Sword/AS_SwordR.uasset" 1632
"D:/UE5Game - Copy/Content/Blueprints/SkillSystem/Skills/Attack/Sword/AS_SwordR.uexp" 1633
"D:/UE5Game - Copy/Content/Blueprints/SkillSystem/Skills/Attack/Sword/AS_SwordSpin.uasset" 1634
"D:/UE5Game - Copy/Content/Blueprints/SkillSystem/Skills/Attack/Sword/AS_SwordSpin.uexp" 1635
"D:/UE5Game - Copy/Content/Blueprints/SkillSystem/Skills/Attack/Sword/AS_SwordStrongAttack.uasset" 1636
"D:/UE5Game - Copy/Content/Blueprints/SkillSystem/Skills/Attack/Sword/AS_SwordStrongAttack.uexp" 1637
"D:/UE5Game - Copy/Content/Data/BaseData/CDT_AllBaseData.uasset" 1638
"D:/UE5Game - Copy/Content/Data/BaseData/CDT_AllBaseData.uexp" 1639
"D:/UE5Game - Copy/Content/Blueprints/Items/Weapon/Guns/BP_WeaponGun.uasset" 1640
"D:/UE5Game - Copy/Content/Blueprints/Items/Weapon/Guns/BP_WeaponGun.uexp" 1641
"D:/UE5Game - Copy/Content/Blueprints/Items/Weapon/Guns/BP_Automat.uasset" 1642
"D:/UE5Game - Copy/Content/Blueprints/Items/Weapon/Guns/BP_Automat.uexp" 1643
"D:/UE5Game - Copy/Content/Data/BaseData/DT_BaseWeapon.uasset" 1644
"D:/UE5Game - Copy/Content/Data/BaseData/DT_BaseWeapon.uexp" 1645
"D:/UE5Game - Copy/Content/Data/Weapon/S_DataWeapon.uasset" 1646
"D:/UE5Game - Copy/Content/Data/Weapon/S_DataWeapon.uexp" 1647
"D:/UE5Game - Copy/Content/Data/Weapon/DT_DataWeapons.uasset" 1648
"D:/UE5Game - Copy/Content/Data/Weapon/DT_DataWeapons.uexp" 1649
"D:/UE5Game - Copy/Content/Data/O_Weapon.uasset" 1650
"D:/UE5Game - Copy/Content/Data/O_Weapon.uexp" 1651
"D:/UE5Game - Copy/Content/Data/Weapon/Guns/DT_GunsData.uasset" 1652
"D:/UE5Game - Copy/Content/Data/Weapon/Guns/DT_GunsData.uexp" 1653
"D:/UE5Game - Copy/Content/Data/O_WeaponGun.uasset" 1654
"D:/UE5Game - Copy/Content/Data/O_WeaponGun.uexp" 1655
"D:/UE5Game - Copy/Content/Data/O_Placeable.uasset" 1656
"D:/UE5Game - Copy/Content/Data/O_Placeable.uexp" 1657
"D:/UE5Game - Copy/Content/Blueprints/Items/BFL_Items.uasset" 1658
"D:/UE5Game - Copy/Content/Blueprints/Items/BFL_Items.uexp" 1659
"D:/UE5Game - Copy/Content/UI/UW_DragableWidget.uasset" 1660
"D:/UE5Game - Copy/Content/UI/UW_DragableWidget.uexp" 1661
"D:/UE5Game - Copy/Content/Player/PS_Player.uasset" 1662
"D:/UE5Game - Copy/Content/Player/PS_Player.uexp" 1663
"D:/UE5Game - Copy/Content/Blueprints/SaveLoad/Components/Local/S_SAVE_Controls.uasset" 1664
"D:/UE5Game - Copy/Content/Blueprints/SaveLoad/Components/Local/S_SAVE_Controls.uexp" 1665
"D:/UE5Game - Copy/Content/Blueprints/SaveLoad/Components/Local/S_SAVE_UI.uasset" 1666
"D:/UE5Game - Copy/Content/Blueprints/SaveLoad/Components/Local/S_SAVE_UI.uexp" 1667
"D:/UE5Game - Copy/Content/Blueprints/SaveLoad/SG_LocalSettings.uasset" 1668
"D:/UE5Game - Copy/Content/Blueprints/SaveLoad/SG_LocalSettings.uexp" 1669
"D:/UE5Game - Copy/Content/Assets/Entities/_Human/PA_Human.uasset" 1670
"D:/UE5Game - Copy/Content/Assets/Entities/_Human/PA_Human.uexp" 1671
"D:/UE5Game - Copy/Content/Assets/Entities/Skeleton/SM_Skeleton.uasset" 1672
"D:/UE5Game - Copy/Content/Assets/Entities/Skeleton/SM_Skeleton.uexp" 1673
"D:/UE5Game - Copy/Content/Blueprints/StorageSystem/AC_EntityPanel.uasset" 1674
"D:/UE5Game - Copy/Content/Blueprints/StorageSystem/AC_EntityPanel.uexp" 1675
"D:/UE5Game - Copy/Content/Blueprints/Entities/BPI_Damage.uasset" 1676
"D:/UE5Game - Copy/Content/Blueprints/Entities/BPI_Damage.uexp" 1677
"D:/UE5Game - Copy/Content/AI/BTT_LockOnTarget.uasset" 1678
"D:/UE5Game - Copy/Content/AI/BTT_LockOnTarget.uexp" 1679
"D:/UE5Game - Copy/Content/AI/BB_EnemyBase.uasset" 1680
"D:/UE5Game - Copy/Content/AI/BB_EnemyBase.uexp" 1681
"D:/UE5Game - Copy/Content/AI/BTT_Attack.uasset" 1682
"D:/UE5Game - Copy/Content/AI/BTT_Attack.uexp" 1683
"D:/UE5Game - Copy/Content/AI/BT_EnemyBase.uasset" 1684
"D:/UE5Game - Copy/Content/AI/BT_EnemyBase.uexp" 1685
"D:/UE5Game - Copy/Content/AI/AIC_EnemyBase.uasset" 1686
"D:/UE5Game - Copy/Content/AI/AIC_EnemyBase.uexp" 1687
"D:/UE5Game - Copy/Content/Blueprints/Entities/BP_CharacterEntity.uasset" 1688
"D:/UE5Game - Copy/Content/Blueprints/Entities/BP_CharacterEntity.uexp" 1689
"D:/UE5Game - Copy/Content/Assets/Textures/Entities/T_Skeleton.uasset" 1690
"D:/UE5Game - Copy/Content/Assets/Textures/Entities/T_Skeleton.uexp" 1691
"D:/UE5Game - Copy/Content/Assets/Materials/VFX/MF_Dissolve.uasset" 1692
"D:/UE5Game - Copy/Content/Assets/Materials/VFX/MF_Dissolve.uexp" 1693
"D:/UE5Game - Copy/Content/Assets/Materials/Entities/M_Skeleton.uasset" 1694
"D:/UE5Game - Copy/Content/Assets/Materials/Entities/M_Skeleton.uexp" 1695
"D:/UE5Game - Copy/Content/Assets/Sounds/Entity/Skeleton/SW_SkeletonHit1.ubulk" 1696
"D:/UE5Game - Copy/Content/Assets/Sounds/Entity/Skeleton/SW_SkeletonHit1.uasset" 1697
"D:/UE5Game - Copy/Content/Assets/Sounds/Entity/Skeleton/SW_SkeletonHit1.uexp" 1698
"D:/UE5Game - Copy/Content/Assets/Sounds/Entity/Skeleton/SW_SkeletonHit2.ubulk" 1699
"D:/UE5Game - Copy/Content/Assets/Sounds/Entity/Skeleton/SW_SkeletonHit2.uasset" 1700
"D:/UE5Game - Copy/Content/Assets/Sounds/Entity/Skeleton/SW_SkeletonHit2.uexp" 1701
"D:/UE5Game - Copy/Content/Assets/Sounds/Entity/Skeleton/SW_SkeletonHit3.ubulk" 1702
"D:/UE5Game - Copy/Content/Assets/Sounds/Entity/Skeleton/SW_SkeletonHit3.uasset" 1703
"D:/UE5Game - Copy/Content/Assets/Sounds/Entity/Skeleton/SW_SkeletonHit3.uexp" 1704
"D:/UE5Game - Copy/Content/Blueprints/Entities/BP_Skeleton.uasset" 1705
"D:/UE5Game - Copy/Content/Blueprints/Entities/BP_Skeleton.uexp" 1706
"D:/UE5Game - Copy/Content/Data/Enitites/S_EquipmentArray.uasset" 1707
"D:/UE5Game - Copy/Content/Data/Enitites/S_EquipmentArray.uexp" 1708
"D:/UE5Game - Copy/Content/Data/Enitites/S_Entity.uasset" 1709
"D:/UE5Game - Copy/Content/Data/Enitites/S_Entity.uexp" 1710
"D:/UE5Game - Copy/Content/Blueprints/SkillSystem/Effects/AE_RegenStats.uasset" 1711
"D:/UE5Game - Copy/Content/Blueprints/SkillSystem/Effects/AE_RegenStats.uexp" 1712
"D:/UE5Game - Copy/Content/UI/InteractTooltips/E_Interaction.uasset" 1713
"D:/UE5Game - Copy/Content/UI/InteractTooltips/E_Interaction.uexp" 1714
"D:/UE5Game - Copy/Content/Blueprints/SkillSystem/Effects/AE_TraceToLightInteraction.uasset" 1715
"D:/UE5Game - Copy/Content/Blueprints/SkillSystem/Effects/AE_TraceToLightInteraction.uexp" 1716
"D:/UE5Game - Copy/Content/Data/Enitites/DT_Entities.uasset" 1717
"D:/UE5Game - Copy/Content/Data/Enitites/DT_Entities.uexp" 1718
"D:/UE5Game - Copy/Content/Player/GI_Main.uasset" 1719
"D:/UE5Game - Copy/Content/Player/GI_Main.uexp" 1720
"D:/UE5Game - Copy/Content/Blueprints/SaveLoad/Components/S_SAVE_BODY_PARTS_COMP.uasset" 1721
"D:/UE5Game - Copy/Content/Blueprints/SaveLoad/Components/S_SAVE_BODY_PARTS_COMP.uexp" 1722
"D:/UE5Game - Copy/Content/Blueprints/SaveLoad/Components/S_SAVE_PANEL_COMP.uasset" 1723
"D:/UE5Game - Copy/Content/Blueprints/SaveLoad/Components/S_SAVE_PANEL_COMP.uexp" 1724
"D:/UE5Game - Copy/Content/Blueprints/SaveLoad/Components/S_SAVE_SKILL_COMP.uasset" 1725
"D:/UE5Game - Copy/Content/Blueprints/SaveLoad/Components/S_SAVE_SKILL_COMP.uexp" 1726
"D:/UE5Game - Copy/Content/Blueprints/SaveLoad/Components/S_SAVE_SKILL_TREE_COMP.uasset" 1727
"D:/UE5Game - Copy/Content/Blueprints/SaveLoad/Components/S_SAVE_SKILL_TREE_COMP.uexp" 1728
"D:/UE5Game - Copy/Content/Blueprints/SaveLoad/Components/S_SAVE_STORAGE_COMP.uasset" 1729
"D:/UE5Game - Copy/Content/Blueprints/SaveLoad/Components/S_SAVE_STORAGE_COMP.uexp" 1730
"D:/UE5Game - Copy/Content/Blueprints/SaveLoad/S_SAVE_PLAYER.uasset" 1731
"D:/UE5Game - Copy/Content/Blueprints/SaveLoad/S_SAVE_PLAYER.uexp" 1732
"D:/UE5Game - Copy/Content/Blueprints/SaveLoad/S_SAVE_ENTITY.uasset" 1733
"D:/UE5Game - Copy/Content/Blueprints/SaveLoad/S_SAVE_ENTITY.uexp" 1734
"D:/UE5Game - Copy/Content/Blueprints/SaveLoad/SG_SAVE.uasset" 1735
"D:/UE5Game - Copy/Content/Blueprints/SaveLoad/SG_SAVE.uexp" 1736
"D:/UE5Game - Copy/Content/Data/BodyParts/E_Emotions.uasset" 1737
"D:/UE5Game - Copy/Content/Data/BodyParts/E_Emotions.uexp" 1738
"D:/UE5Game - Copy/Content/Player/GM_Player.uasset" 1739
"D:/UE5Game - Copy/Content/Player/GM_Player.uexp" 1740
"D:/UE5Game - Copy/Content/Player/CM_Player.uasset" 1741
"D:/UE5Game - Copy/Content/Player/CM_Player.uexp" 1742
"D:/UE5Game - Copy/Content/Assets/Sounds/UI/SW_Click.ubulk" 1743
"D:/UE5Game - Copy/Content/Assets/Sounds/UI/SW_Click.uasset" 1744
"D:/UE5Game - Copy/Content/Assets/Sounds/UI/SW_Click.uexp" 1745
"D:/UE5Game - Copy/Content/Assets/UI/T_UI_Inventory.uasset" 1746
"D:/UE5Game - Copy/Content/Assets/UI/T_UI_Inventory.uexp" 1747
"../../../Engine/Plugins/Runtime/AudioWidgets/Content/AudioKnobLarge/AudioKnobLarge_Layer00.uasset" 1748
"../../../Engine/Plugins/Runtime/AudioWidgets/Content/AudioKnobLarge/AudioKnobLarge_Layer00.uexp" 1749
"../../../Engine/Content/Functions/Engine_MaterialFunctions01/Gradient/LinearGradient.uasset" 1750
"../../../Engine/Content/Functions/Engine_MaterialFunctions01/Gradient/LinearGradient.uexp" 1751
"D:/UE5Game - Copy/Content/UI/Storage/M_Gradient.uasset" 1752
"D:/UE5Game - Copy/Content/UI/Storage/M_Gradient.uexp" 1753
"D:/UE5Game - Copy/Content/Assets/Icons/UI/blue_background.uasset" 1754
"D:/UE5Game - Copy/Content/Assets/Icons/UI/blue_background.uexp" 1755
"D:/UE5Game - Copy/Content/Assets/Textures/Blocks/Voxel/T_gold.uasset" 1756
"D:/UE5Game - Copy/Content/Assets/Textures/Blocks/Voxel/T_gold.uexp" 1757
"D:/UE5Game - Copy/Content/Assets/UI/T_UI_border_gold.uasset" 1758
"D:/UE5Game - Copy/Content/Assets/UI/T_UI_border_gold.uexp" 1759
"D:/UE5Game - Copy/Content/Assets/UI/T_UI_border_iron.uasset" 1760
"D:/UE5Game - Copy/Content/Assets/UI/T_UI_border_iron.uexp" 1761
"D:/UE5Game - Copy/Content/Assets/UI/T_UI_border_purple.uasset" 1762
"D:/UE5Game - Copy/Content/Assets/UI/T_UI_border_purple.uexp" 1763
"D:/UE5Game - Copy/Content/Assets/UI/T_UI_border_red.uasset" 1764
"D:/UE5Game - Copy/Content/Assets/UI/T_UI_border_red.uexp" 1765
"D:/UE5Game - Copy/Content/UI/Storage/UW_StorageTooltip.uasset" 1766
"D:/UE5Game - Copy/Content/UI/Storage/UW_StorageTooltip.uexp" 1767
"D:/UE5Game - Copy/Content/UI/Storage/UW_DragItem.uasset" 1768
"D:/UE5Game - Copy/Content/UI/Storage/UW_DragItem.uexp" 1769
"D:/UE5Game - Copy/Content/UI/Storage/UW_ItemSlotInfinite.uasset" 1770
"D:/UE5Game - Copy/Content/UI/Storage/UW_ItemSlotInfinite.uexp" 1771
"D:/UE5Game - Copy/Content/Assets/UI/T_UI_closeBtn.uasset" 1772
"D:/UE5Game - Copy/Content/Assets/UI/T_UI_closeBtn.uexp" 1773
"D:/UE5Game - Copy/Content/Assets/UI/T_UI_closeBtnClicked.uasset" 1774
"D:/UE5Game - Copy/Content/Assets/UI/T_UI_closeBtnClicked.uexp" 1775
"D:/UE5Game - Copy/Content/Assets/UI/T_UI_WoodChest.uasset" 1776
"D:/UE5Game - Copy/Content/Assets/UI/T_UI_WoodChest.uexp" 1777
"D:/UE5Game - Copy/Content/UI/Storage/UW_HorizontalChest.uasset" 1778
"D:/UE5Game - Copy/Content/UI/Storage/UW_HorizontalChest.uexp" 1779
"D:/UE5Game - Copy/Content/Data/S_Drop.uasset" 1780
"D:/UE5Game - Copy/Content/Data/S_Drop.uexp" 1781
"D:/UE5Game - Copy/Content/Blueprints/SkillSystem/E_Attributekey.uasset" 1782
"D:/UE5Game - Copy/Content/Blueprints/SkillSystem/E_Attributekey.uexp" 1783
"D:/UE5Game - Copy/Content/Assets/UI/T_UI_Barell.uasset" 1784
"D:/UE5Game - Copy/Content/Assets/UI/T_UI_Barell.uexp" 1785
"D:/UE5Game - Copy/Content/Data/Placeable/S_DataChest.uasset" 1786
"D:/UE5Game - Copy/Content/Data/Placeable/S_DataChest.uexp" 1787
"D:/UE5Game - Copy/Content/Assets/Entities/Chest/S_Chest.uasset" 1788
"D:/UE5Game - Copy/Content/Assets/Entities/Chest/S_Chest.uexp" 1789
"D:/UE5Game - Copy/Content/Assets/Entities/Chest/PA_Chest.uasset" 1790
"D:/UE5Game - Copy/Content/Assets/Entities/Chest/PA_Chest.uexp" 1791
"D:/UE5Game - Copy/Content/Assets/Entities/Chest/skM_Chest.uasset" 1792
"D:/UE5Game - Copy/Content/Assets/Entities/Chest/skM_Chest.uexp" 1793
"D:/UE5Game - Copy/Content/Assets/Entities/Chest/SkM_FlatChest.uasset" 1794
"D:/UE5Game - Copy/Content/Assets/Entities/Chest/SkM_FlatChest.uexp" 1795
"D:/UE5Game - Copy/Content/Assets/Entities/Chest/PA_WoodChest.uasset" 1796
"D:/UE5Game - Copy/Content/Assets/Entities/Chest/PA_WoodChest.uexp" 1797
"D:/UE5Game - Copy/Content/Assets/Entities/Chest/SkM_WoodChest.uasset" 1798
"D:/UE5Game - Copy/Content/Assets/Entities/Chest/SkM_WoodChest.uexp" 1799
"D:/UE5Game - Copy/Content/Assets/Sounds/Entity/Chest/SW_chest1.ubulk" 1800
"D:/UE5Game - Copy/Content/Assets/Sounds/Entity/Chest/SW_chest1.uasset" 1801
"D:/UE5Game - Copy/Content/Assets/Sounds/Entity/Chest/SW_chest1.uexp" 1802
"D:/UE5Game - Copy/Content/Assets/Sounds/Entity/Chest/SW_chest2.ubulk" 1803
"D:/UE5Game - Copy/Content/Assets/Sounds/Entity/Chest/SW_chest2.uasset" 1804
"D:/UE5Game - Copy/Content/Assets/Sounds/Entity/Chest/SW_chest2.uexp" 1805
"D:/UE5Game - Copy/Content/Assets/Sounds/Entity/Chest/SW_chest3.ubulk" 1806
"D:/UE5Game - Copy/Content/Assets/Sounds/Entity/Chest/SW_chest3.uasset" 1807
"D:/UE5Game - Copy/Content/Assets/Sounds/Entity/Chest/SW_chest3.uexp" 1808
"D:/UE5Game - Copy/Content/Assets/Sounds/Entity/Chest/SW_stone1.ubulk" 1809
"D:/UE5Game - Copy/Content/Assets/Sounds/Entity/Chest/SW_stone1.uasset" 1810
"D:/UE5Game - Copy/Content/Assets/Sounds/Entity/Chest/SW_stone1.uexp" 1811
"D:/UE5Game - Copy/Content/Assets/Sounds/Entity/Chest/SW_stone2.ubulk" 1812
"D:/UE5Game - Copy/Content/Assets/Sounds/Entity/Chest/SW_stone2.uasset" 1813
"D:/UE5Game - Copy/Content/Assets/Sounds/Entity/Chest/SW_stone2.uexp" 1814
"D:/UE5Game - Copy/Content/Assets/Sounds/Entity/Chest/SW_stone3.ubulk" 1815
"D:/UE5Game - Copy/Content/Assets/Sounds/Entity/Chest/SW_stone3.uasset" 1816
"D:/UE5Game - Copy/Content/Assets/Sounds/Entity/Chest/SW_stone3.uexp" 1817
"D:/UE5Game - Copy/Content/Assets/Sounds/Entity/Chest/SW_stone4.ubulk" 1818
"D:/UE5Game - Copy/Content/Assets/Sounds/Entity/Chest/SW_stone4.uasset" 1819
"D:/UE5Game - Copy/Content/Assets/Sounds/Entity/Chest/SW_stone4.uexp" 1820
"D:/UE5Game - Copy/Content/Assets/UI/T_DarkWoodChest.uasset" 1821
"D:/UE5Game - Copy/Content/Assets/UI/T_DarkWoodChest.uexp" 1822
"D:/UE5Game - Copy/Content/Assets/UI/T_UI_BlueStoneChest.uasset" 1823
"D:/UE5Game - Copy/Content/Assets/UI/T_UI_BlueStoneChest.uexp" 1824
"D:/UE5Game - Copy/Content/Assets/UI/T_UI_BlueStoneChestRich.uasset" 1825
"D:/UE5Game - Copy/Content/Assets/UI/T_UI_BlueStoneChestRich.uexp" 1826
"D:/UE5Game - Copy/Content/Assets/UI/T_UI_Chest.uasset" 1827
"D:/UE5Game - Copy/Content/Assets/UI/T_UI_Chest.uexp" 1828
"D:/UE5Game - Copy/Content/Assets/UI/T_UI_DarkStoneChest.uasset" 1829
"D:/UE5Game - Copy/Content/Assets/UI/T_UI_DarkStoneChest.uexp" 1830
"D:/UE5Game - Copy/Content/Assets/UI/T_UI_DarkStoneChestRich.uasset" 1831
"D:/UE5Game - Copy/Content/Assets/UI/T_UI_DarkStoneChestRich.uexp" 1832
"D:/UE5Game - Copy/Content/Assets/UI/T_UI_LimeStoneChest.uasset" 1833
"D:/UE5Game - Copy/Content/Assets/UI/T_UI_LimeStoneChest.uexp" 1834
"D:/UE5Game - Copy/Content/Assets/UI/T_UI_LimeStoneChestRich.uasset" 1835
"D:/UE5Game - Copy/Content/Assets/UI/T_UI_LimeStoneChestRich.uexp" 1836
"D:/UE5Game - Copy/Content/Assets/UI/T_UI_StoneChest.uasset" 1837
"D:/UE5Game - Copy/Content/Assets/UI/T_UI_StoneChest.uexp" 1838
"D:/UE5Game - Copy/Content/Assets/UI/T_UI_StoneChestRich.uasset" 1839
"D:/UE5Game - Copy/Content/Assets/UI/T_UI_StoneChestRich.uexp" 1840
"D:/UE5Game - Copy/Content/Data/Placeable/_DT_Chests.uasset" 1841
"D:/UE5Game - Copy/Content/Data/Placeable/_DT_Chests.uexp" 1842
"D:/UE5Game - Copy/Content/Blueprints/SkillSystem/S_AttributeMap.uasset" 1843
"D:/UE5Game - Copy/Content/Blueprints/SkillSystem/S_AttributeMap.uexp" 1844
"D:/UE5Game - Copy/Content/Blueprints/SkillSystem/Skills/Base/AS_DropItem.uasset" 1845
"D:/UE5Game - Copy/Content/Blueprints/SkillSystem/Skills/Base/AS_DropItem.uexp" 1846
"D:/UE5Game - Copy/Content/Blueprints/Blocks/Placeable/A_A_Placeable.uasset" 1847
"D:/UE5Game - Copy/Content/Blueprints/Blocks/Placeable/A_A_Placeable.uexp" 1848
"D:/UE5Game - Copy/Content/Data/Placeable/S_DataPlaceable.uasset" 1849
"D:/UE5Game - Copy/Content/Data/Placeable/S_DataPlaceable.uexp" 1850
"D:/UE5Game - Copy/Content/Blueprints/Blocks/Placeable/BP_ChestSound.uasset" 1851
"D:/UE5Game - Copy/Content/Blueprints/Blocks/Placeable/BP_ChestSound.uexp" 1852
"D:/UE5Game - Copy/Content/Assets/Entities/Chest/Animations/A_Chest_Close.uasset" 1853
"D:/UE5Game - Copy/Content/Assets/Entities/Chest/Animations/A_Chest_Close.uexp" 1854
"D:/UE5Game - Copy/Content/Assets/Entities/Chest/Animations/A_Chest_CloseFlat.uasset" 1855
"D:/UE5Game - Copy/Content/Assets/Entities/Chest/Animations/A_Chest_CloseFlat.uexp" 1856
"D:/UE5Game - Copy/Content/Assets/Entities/Chest/Animations/A_Chest_CloseFlatFirstTime.uasset" 1857
"D:/UE5Game - Copy/Content/Assets/Entities/Chest/Animations/A_Chest_CloseFlatFirstTime.uexp" 1858
"D:/UE5Game - Copy/Content/Assets/Entities/Chest/Animations/A_Chest_Open.uasset" 1859
"D:/UE5Game - Copy/Content/Assets/Entities/Chest/Animations/A_Chest_Open.uexp" 1860
"D:/UE5Game - Copy/Content/Assets/Entities/Chest/Animations/A_Chest_OpenFirstTime.uasset" 1861
"D:/UE5Game - Copy/Content/Assets/Entities/Chest/Animations/A_Chest_OpenFirstTime.uexp" 1862
"D:/UE5Game - Copy/Content/Assets/Entities/Chest/Animations/A_Chest_OpenFlat.uasset" 1863
"D:/UE5Game - Copy/Content/Assets/Entities/Chest/Animations/A_Chest_OpenFlat.uexp" 1864
"D:/UE5Game - Copy/Content/Assets/Entities/Chest/Animations/A_Chest_OpenFlatFirstTime.uasset" 1865
"D:/UE5Game - Copy/Content/Assets/Entities/Chest/Animations/A_Chest_OpenFlatFirstTime.uexp" 1866
"D:/UE5Game - Copy/Content/Blueprints/Animations/AC_AnimChest.uasset" 1867
"D:/UE5Game - Copy/Content/Blueprints/Animations/AC_AnimChest.uexp" 1868
"D:/UE5Game - Copy/Content/Assets/Entities/Chest/Animations/ABP_Chest.uasset" 1869
"D:/UE5Game - Copy/Content/Assets/Entities/Chest/Animations/ABP_Chest.uexp" 1870
"D:/UE5Game - Copy/Content/Blueprints/Blocks/Placeable/BP_Chest.uasset" 1871
"D:/UE5Game - Copy/Content/Blueprints/Blocks/Placeable/BP_Chest.uexp" 1872
"D:/UE5Game - Copy/Content/UI/Storage/UW_RectangleChest.uasset" 1873
"D:/UE5Game - Copy/Content/UI/Storage/UW_RectangleChest.uexp" 1874
"D:/UE5Game - Copy/Content/Assets/Entities/Chest/SM_Barell.ubulk" 1875
"D:/UE5Game - Copy/Content/Assets/Entities/Chest/SM_Barell.uasset" 1876
"D:/UE5Game - Copy/Content/Assets/Entities/Chest/SM_Barell.uexp" 1877
"D:/UE5Game - Copy/Content/Blueprints/Blocks/Placeable/BP_Barell.uasset" 1878
"D:/UE5Game - Copy/Content/Blueprints/Blocks/Placeable/BP_Barell.uexp" 1879
"D:/UE5Game - Copy/Content/Assets/Entities/Chest/SM_Chest.ubulk" 1880
"D:/UE5Game - Copy/Content/Assets/Entities/Chest/SM_Chest.uasset" 1881
"D:/UE5Game - Copy/Content/Assets/Entities/Chest/SM_Chest.uexp" 1882
"D:/UE5Game - Copy/Content/Assets/Entities/Chest/SM_FlatChest.ubulk" 1883
"D:/UE5Game - Copy/Content/Assets/Entities/Chest/SM_FlatChest.uasset" 1884
"D:/UE5Game - Copy/Content/Assets/Entities/Chest/SM_FlatChest.uexp" 1885
"D:/UE5Game - Copy/Content/Assets/Entities/Chest/SM_WoodChest.ubulk" 1886
"D:/UE5Game - Copy/Content/Assets/Entities/Chest/SM_WoodChest.uasset" 1887
"D:/UE5Game - Copy/Content/Assets/Entities/Chest/SM_WoodChest.uexp" 1888
"D:/UE5Game - Copy/Content/Assets/Models/Blocks/Buildings/Furniture/SM_BricksOnFloor.ubulk" 1889
"D:/UE5Game - Copy/Content/Assets/Models/Blocks/Buildings/Furniture/SM_BricksOnFloor.uasset" 1890
"D:/UE5Game - Copy/Content/Assets/Models/Blocks/Buildings/Furniture/SM_BricksOnFloor.uexp" 1891
"D:/UE5Game - Copy/Content/Assets/Models/Blocks/Buildings/Furniture/SM_BricksOnFloor2.ubulk" 1892
"D:/UE5Game - Copy/Content/Assets/Models/Blocks/Buildings/Furniture/SM_BricksOnFloor2.uasset" 1893
"D:/UE5Game - Copy/Content/Assets/Models/Blocks/Buildings/Furniture/SM_BricksOnFloor2.uexp" 1894
"D:/UE5Game - Copy/Content/Assets/Models/Blocks/Buildings/Furniture/SM_PlaneBig.ubulk" 1895
"D:/UE5Game - Copy/Content/Assets/Models/Blocks/Buildings/Furniture/SM_PlaneBig.uasset" 1896
"D:/UE5Game - Copy/Content/Assets/Models/Blocks/Buildings/Furniture/SM_PlaneBig.uexp" 1897
"D:/UE5Game - Copy/Content/Assets/Models/Blocks/Buildings/Furniture/SM_Torch.ubulk" 1898
"D:/UE5Game - Copy/Content/Assets/Models/Blocks/Buildings/Furniture/SM_Torch.uasset" 1899
"D:/UE5Game - Copy/Content/Assets/Models/Blocks/Buildings/Furniture/SM_Torch.uexp" 1900
"D:/UE5Game - Copy/Content/Assets/Models/Blocks/Buildings/Furniture/SM_Torch_on_wall.ubulk" 1901
"D:/UE5Game - Copy/Content/Assets/Models/Blocks/Buildings/Furniture/SM_Torch_on_wall.uasset" 1902
"D:/UE5Game - Copy/Content/Assets/Models/Blocks/Buildings/Furniture/SM_Torch_on_wall.uexp" 1903
"D:/UE5Game - Copy/Content/Assets/Textures/Blocks/Buildings/BaseBlocks/T_wood_log.uasset" 1904
"D:/UE5Game - Copy/Content/Assets/Textures/Blocks/Buildings/BaseBlocks/T_wood_log.uexp" 1905
"D:/UE5Game - Copy/Content/Assets/Textures/Blocks/Buildings/Furniture/T_Barell.uasset" 1906
"D:/UE5Game - Copy/Content/Assets/Textures/Blocks/Buildings/Furniture/T_Barell.uexp" 1907
"D:/UE5Game - Copy/Content/Assets/Textures/Blocks/Buildings/Furniture/T_blue_stone_chest.ubulk" 1908
"D:/UE5Game - Copy/Content/Assets/Textures/Blocks/Buildings/Furniture/T_blue_stone_chest.uasset" 1909
"D:/UE5Game - Copy/Content/Assets/Textures/Blocks/Buildings/Furniture/T_blue_stone_chest.uexp" 1910
"D:/UE5Game - Copy/Content/Assets/Textures/Blocks/Buildings/Furniture/T_blue_stone_chest_rich.ubulk" 1911
"D:/UE5Game - Copy/Content/Assets/Textures/Blocks/Buildings/Furniture/T_blue_stone_chest_rich.uasset" 1912
"D:/UE5Game - Copy/Content/Assets/Textures/Blocks/Buildings/Furniture/T_blue_stone_chest_rich.uexp" 1913
"D:/UE5Game - Copy/Content/Assets/Textures/Blocks/Buildings/Furniture/T_Carpet1.uasset" 1914
"D:/UE5Game - Copy/Content/Assets/Textures/Blocks/Buildings/Furniture/T_Carpet1.uexp" 1915
"D:/UE5Game - Copy/Content/Assets/Textures/Blocks/Buildings/Furniture/T_Carpet2.uasset" 1916
"D:/UE5Game - Copy/Content/Assets/Textures/Blocks/Buildings/Furniture/T_Carpet2.uexp" 1917
"D:/UE5Game - Copy/Content/Assets/Textures/Blocks/Buildings/Furniture/T_chest.ubulk" 1918
"D:/UE5Game - Copy/Content/Assets/Textures/Blocks/Buildings/Furniture/T_chest.uasset" 1919
"D:/UE5Game - Copy/Content/Assets/Textures/Blocks/Buildings/Furniture/T_chest.uexp" 1920
"D:/UE5Game - Copy/Content/Assets/Textures/Blocks/Buildings/Furniture/T_dark_stone_chest.ubulk" 1921
"D:/UE5Game - Copy/Content/Assets/Textures/Blocks/Buildings/Furniture/T_dark_stone_chest.uasset" 1922
"D:/UE5Game - Copy/Content/Assets/Textures/Blocks/Buildings/Furniture/T_dark_stone_chest.uexp" 1923
"D:/UE5Game - Copy/Content/Assets/Textures/Blocks/Buildings/Furniture/T_dark_stone_chest_rich.ubulk" 1924
"D:/UE5Game - Copy/Content/Assets/Textures/Blocks/Buildings/Furniture/T_dark_stone_chest_rich.uasset" 1925
"D:/UE5Game - Copy/Content/Assets/Textures/Blocks/Buildings/Furniture/T_dark_stone_chest_rich.uexp" 1926
"D:/UE5Game - Copy/Content/Assets/Textures/Blocks/Buildings/Furniture/T_dark_wood_chest.uasset" 1927
"D:/UE5Game - Copy/Content/Assets/Textures/Blocks/Buildings/Furniture/T_dark_wood_chest.uexp" 1928
"D:/UE5Game - Copy/Content/Assets/Textures/Blocks/Buildings/Furniture/T_lime_stone_chest.ubulk" 1929
"D:/UE5Game - Copy/Content/Assets/Textures/Blocks/Buildings/Furniture/T_lime_stone_chest.uasset" 1930
"D:/UE5Game - Copy/Content/Assets/Textures/Blocks/Buildings/Furniture/T_lime_stone_chest.uexp" 1931
"D:/UE5Game - Copy/Content/Assets/Textures/Blocks/Buildings/Furniture/T_lime_stone_chest_rich.ubulk" 1932
"D:/UE5Game - Copy/Content/Assets/Textures/Blocks/Buildings/Furniture/T_lime_stone_chest_rich.uasset" 1933
"D:/UE5Game - Copy/Content/Assets/Textures/Blocks/Buildings/Furniture/T_lime_stone_chest_rich.uexp" 1934
"D:/UE5Game - Copy/Content/Assets/Textures/Blocks/Buildings/Furniture/T_stone_chest.ubulk" 1935
"D:/UE5Game - Copy/Content/Assets/Textures/Blocks/Buildings/Furniture/T_stone_chest.uasset" 1936
"D:/UE5Game - Copy/Content/Assets/Textures/Blocks/Buildings/Furniture/T_stone_chest.uexp" 1937
"D:/UE5Game - Copy/Content/Assets/Textures/Blocks/Buildings/Furniture/T_stone_chest_rich.ubulk" 1938
"D:/UE5Game - Copy/Content/Assets/Textures/Blocks/Buildings/Furniture/T_stone_chest_rich.uasset" 1939
"D:/UE5Game - Copy/Content/Assets/Textures/Blocks/Buildings/Furniture/T_stone_chest_rich.uexp" 1940
"D:/UE5Game - Copy/Content/Assets/Textures/Blocks/Buildings/Furniture/T_wood_chest.uasset" 1941
"D:/UE5Game - Copy/Content/Assets/Textures/Blocks/Buildings/Furniture/T_wood_chest.uexp" 1942
"D:/UE5Game - Copy/Content/Assets/Textures/Blocks/Voxel/T_stone.uasset" 1943
"D:/UE5Game - Copy/Content/Assets/Textures/Blocks/Voxel/T_stone.uexp" 1944
"D:/UE5Game - Copy/Content/Blueprints/Blocks/Placeable/BP_Door.uasset" 1945
"D:/UE5Game - Copy/Content/Blueprints/Blocks/Placeable/BP_Door.uexp" 1946
"D:/UE5Game - Copy/Content/Blueprints/Blocks/Placeable/BP_Torch.uasset" 1947
"D:/UE5Game - Copy/Content/Blueprints/Blocks/Placeable/BP_Torch.uexp" 1948
"D:/UE5Game - Copy/Content/Data/Placeable/DT_Furniture.uasset" 1949
"D:/UE5Game - Copy/Content/Data/Placeable/DT_Furniture.uexp" 1950
"D:/UE5Game - Copy/Content/Assets/Textures/Blocks/Buildings/BaseBlocks/T_bricks_height.uasset" 1951
"D:/UE5Game - Copy/Content/Assets/Textures/Blocks/Buildings/BaseBlocks/T_bricks_height.uexp" 1952
"D:/UE5Game - Copy/Content/Assets/Textures/Blocks/Buildings/BaseBlocks/T_bricks_normal.uasset" 1953
"D:/UE5Game - Copy/Content/Assets/Textures/Blocks/Buildings/BaseBlocks/T_bricks_normal.uexp" 1954
"D:/UE5Game - Copy/Content/Assets/Materials/MI_StoneBricks.uasset" 1955
"D:/UE5Game - Copy/Content/Assets/Materials/MI_StoneBricks.uexp" 1956
"D:/UE5Game - Copy/Content/Assets/Textures/Blocks/Buildings/BaseBlocks/T_blue_stone.uasset" 1957
"D:/UE5Game - Copy/Content/Assets/Textures/Blocks/Buildings/BaseBlocks/T_blue_stone.uexp" 1958
"D:/UE5Game - Copy/Content/Assets/Textures/Blocks/Buildings/BaseBlocks/T_dark_stone.uasset" 1959
"D:/UE5Game - Copy/Content/Assets/Textures/Blocks/Buildings/BaseBlocks/T_dark_stone.uexp" 1960
"D:/UE5Game - Copy/Content/Assets/Textures/Blocks/Buildings/BaseBlocks/T_dark_stone_brick_small.uasset" 1961
"D:/UE5Game - Copy/Content/Assets/Textures/Blocks/Buildings/BaseBlocks/T_dark_stone_brick_small.uexp" 1962
"D:/UE5Game - Copy/Content/Assets/Textures/Blocks/Buildings/BaseBlocks/T_lime_stone.uasset" 1963
"D:/UE5Game - Copy/Content/Assets/Textures/Blocks/Buildings/BaseBlocks/T_lime_stone.uexp" 1964
"D:/UE5Game - Copy/Content/Assets/Textures/Blocks/Buildings/BaseBlocks/T_stone_small_bricks.uasset" 1965
"D:/UE5Game - Copy/Content/Assets/Textures/Blocks/Buildings/BaseBlocks/T_stone_small_bricks.uexp" 1966
"D:/UE5Game - Copy/Content/Data/World/PM_Metal.uasset" 1967
"D:/UE5Game - Copy/Content/Data/World/PM_Metal.uexp" 1968
"D:/UE5Game - Copy/Content/Assets/Materials/M_Iron.uasset" 1969
"D:/UE5Game - Copy/Content/Assets/Materials/M_Iron.uexp" 1970
"D:/UE5Game - Copy/Content/Assets/Textures/Blocks/Buildings/BaseBlocks/Tiles/T_GreenTiles.uasset" 1971
"D:/UE5Game - Copy/Content/Assets/Textures/Blocks/Buildings/BaseBlocks/Tiles/T_GreenTiles.uexp" 1972
"D:/UE5Game - Copy/Content/Assets/Textures/Blocks/Buildings/BaseBlocks/Tiles/T_tiles_height.uasset" 1973
"D:/UE5Game - Copy/Content/Assets/Textures/Blocks/Buildings/BaseBlocks/Tiles/T_tiles_height.uexp" 1974
"D:/UE5Game - Copy/Content/Assets/Textures/Blocks/Buildings/BaseBlocks/Tiles/T_tiles_normal.uasset" 1975
"D:/UE5Game - Copy/Content/Assets/Textures/Blocks/Buildings/BaseBlocks/Tiles/T_tiles_normal.uexp" 1976
"D:/UE5Game - Copy/Content/Assets/Materials/M_Tiles.uasset" 1977
"D:/UE5Game - Copy/Content/Assets/Materials/M_Tiles.uexp" 1978
"D:/UE5Game - Copy/Content/Assets/Textures/Blocks/Buildings/BaseBlocks/T_bricks2_height.uasset" 1979
"D:/UE5Game - Copy/Content/Assets/Textures/Blocks/Buildings/BaseBlocks/T_bricks2_height.uexp" 1980
"D:/UE5Game - Copy/Content/Assets/Materials/MI_StoneBricskSmall.uasset" 1981
"D:/UE5Game - Copy/Content/Assets/Materials/MI_StoneBricskSmall.uexp" 1982
"D:/UE5Game - Copy/Content/Assets/Textures/Blocks/Buildings/BaseBlocks/Tiles/T_tiles_big_height.uasset" 1983
"D:/UE5Game - Copy/Content/Assets/Textures/Blocks/Buildings/BaseBlocks/Tiles/T_tiles_big_height.uexp" 1984
"D:/UE5Game - Copy/Content/Assets/Textures/Blocks/Buildings/BaseBlocks/Tiles/T_tiles_big_normal.uasset" 1985
"D:/UE5Game - Copy/Content/Assets/Textures/Blocks/Buildings/BaseBlocks/Tiles/T_tiles_big_normal.uexp" 1986
"D:/UE5Game - Copy/Content/Assets/Materials/MI_TilesBig.uasset" 1987
"D:/UE5Game - Copy/Content/Assets/Materials/MI_TilesBig.uexp" 1988
"D:/UE5Game - Copy/Content/Assets/Models/Blocks/Buildings/BaseBlocks/Logs/SM_IronLongLog.ubulk" 1989
"D:/UE5Game - Copy/Content/Assets/Models/Blocks/Buildings/BaseBlocks/Logs/SM_IronLongLog.uasset" 1990
"D:/UE5Game - Copy/Content/Assets/Models/Blocks/Buildings/BaseBlocks/Logs/SM_IronLongLog.uexp" 1991
"D:/UE5Game - Copy/Content/Assets/Models/Blocks/Buildings/BaseBlocks/Logs/SM_IronLongLog22.ubulk" 1992
"D:/UE5Game - Copy/Content/Assets/Models/Blocks/Buildings/BaseBlocks/Logs/SM_IronLongLog22.uasset" 1993
"D:/UE5Game - Copy/Content/Assets/Models/Blocks/Buildings/BaseBlocks/Logs/SM_IronLongLog22.uexp" 1994
"D:/UE5Game - Copy/Content/Assets/Models/Blocks/Buildings/BaseBlocks/Logs/SM_IronLongLog45.ubulk" 1995
"D:/UE5Game - Copy/Content/Assets/Models/Blocks/Buildings/BaseBlocks/Logs/SM_IronLongLog45.uasset" 1996
"D:/UE5Game - Copy/Content/Assets/Models/Blocks/Buildings/BaseBlocks/Logs/SM_IronLongLog45.uexp" 1997
"D:/UE5Game - Copy/Content/Assets/Models/Blocks/Buildings/BaseBlocks/Logs/SM_IronLongLog67.ubulk" 1998
"D:/UE5Game - Copy/Content/Assets/Models/Blocks/Buildings/BaseBlocks/Logs/SM_IronLongLog67.uasset" 1999
"D:/UE5Game - Copy/Content/Assets/Models/Blocks/Buildings/BaseBlocks/Logs/SM_IronLongLog67.uexp" 2000
"D:/UE5Game - Copy/Content/Assets/Models/Blocks/Buildings/BaseBlocks/Logs/SM_IronLongLogVert.ubulk" 2001
"D:/UE5Game - Copy/Content/Assets/Models/Blocks/Buildings/BaseBlocks/Logs/SM_IronLongLogVert.uasset" 2002
"D:/UE5Game - Copy/Content/Assets/Models/Blocks/Buildings/BaseBlocks/Logs/SM_IronLongLogVert.uexp" 2003
"D:/UE5Game - Copy/Content/Assets/Models/Blocks/Buildings/BaseBlocks/Logs/SM_IronShortLog.ubulk" 2004
"D:/UE5Game - Copy/Content/Assets/Models/Blocks/Buildings/BaseBlocks/Logs/SM_IronShortLog.uasset" 2005
"D:/UE5Game - Copy/Content/Assets/Models/Blocks/Buildings/BaseBlocks/Logs/SM_IronShortLog.uexp" 2006
"D:/UE5Game - Copy/Content/Assets/Models/Blocks/Buildings/BaseBlocks/Logs/SM_IronShortLog22.ubulk" 2007
"D:/UE5Game - Copy/Content/Assets/Models/Blocks/Buildings/BaseBlocks/Logs/SM_IronShortLog22.uasset" 2008
"D:/UE5Game - Copy/Content/Assets/Models/Blocks/Buildings/BaseBlocks/Logs/SM_IronShortLog22.uexp" 2009
"D:/UE5Game - Copy/Content/Assets/Models/Blocks/Buildings/BaseBlocks/Logs/SM_IronShortLog45.ubulk" 2010
"D:/UE5Game - Copy/Content/Assets/Models/Blocks/Buildings/BaseBlocks/Logs/SM_IronShortLog45.uasset" 2011
"D:/UE5Game - Copy/Content/Assets/Models/Blocks/Buildings/BaseBlocks/Logs/SM_IronShortLog45.uexp" 2012
"D:/UE5Game - Copy/Content/Assets/Models/Blocks/Buildings/BaseBlocks/Logs/SM_IronShortLog67.ubulk" 2013
"D:/UE5Game - Copy/Content/Assets/Models/Blocks/Buildings/BaseBlocks/Logs/SM_IronShortLog67.uasset" 2014
"D:/UE5Game - Copy/Content/Assets/Models/Blocks/Buildings/BaseBlocks/Logs/SM_IronShortLog67.uexp" 2015
"D:/UE5Game - Copy/Content/Assets/Models/Blocks/Buildings/BaseBlocks/Logs/SM_IronShortLogVert.ubulk" 2016
"D:/UE5Game - Copy/Content/Assets/Models/Blocks/Buildings/BaseBlocks/Logs/SM_IronShortLogVert.uasset" 2017
"D:/UE5Game - Copy/Content/Assets/Models/Blocks/Buildings/BaseBlocks/Logs/SM_IronShortLogVert.uexp" 2018
"D:/UE5Game - Copy/Content/Assets/Models/Blocks/Buildings/BaseBlocks/Logs/SM_LongLog.ubulk" 2019
"D:/UE5Game - Copy/Content/Assets/Models/Blocks/Buildings/BaseBlocks/Logs/SM_LongLog.uasset" 2020
"D:/UE5Game - Copy/Content/Assets/Models/Blocks/Buildings/BaseBlocks/Logs/SM_LongLog.uexp" 2021
"D:/UE5Game - Copy/Content/Assets/Models/Blocks/Buildings/BaseBlocks/Logs/SM_LongLog22.ubulk" 2022
"D:/UE5Game - Copy/Content/Assets/Models/Blocks/Buildings/BaseBlocks/Logs/SM_LongLog22.uasset" 2023
"D:/UE5Game - Copy/Content/Assets/Models/Blocks/Buildings/BaseBlocks/Logs/SM_LongLog22.uexp" 2024
"D:/UE5Game - Copy/Content/Assets/Models/Blocks/Buildings/BaseBlocks/Logs/SM_LongLog45.ubulk" 2025
"D:/UE5Game - Copy/Content/Assets/Models/Blocks/Buildings/BaseBlocks/Logs/SM_LongLog45.uasset" 2026
"D:/UE5Game - Copy/Content/Assets/Models/Blocks/Buildings/BaseBlocks/Logs/SM_LongLog45.uexp" 2027
"D:/UE5Game - Copy/Content/Assets/Models/Blocks/Buildings/BaseBlocks/Logs/SM_LongLog67.ubulk" 2028
"D:/UE5Game - Copy/Content/Assets/Models/Blocks/Buildings/BaseBlocks/Logs/SM_LongLog67.uasset" 2029
"D:/UE5Game - Copy/Content/Assets/Models/Blocks/Buildings/BaseBlocks/Logs/SM_LongLog67.uexp" 2030
"D:/UE5Game - Copy/Content/Assets/Models/Blocks/Buildings/BaseBlocks/Logs/SM_LongLogVert.ubulk" 2031
"D:/UE5Game - Copy/Content/Assets/Models/Blocks/Buildings/BaseBlocks/Logs/SM_LongLogVert.uasset" 2032
"D:/UE5Game - Copy/Content/Assets/Models/Blocks/Buildings/BaseBlocks/Logs/SM_LongLogVert.uexp" 2033
"D:/UE5Game - Copy/Content/Assets/Models/Blocks/Buildings/BaseBlocks/Logs/SM_ShortLog.ubulk" 2034
"D:/UE5Game - Copy/Content/Assets/Models/Blocks/Buildings/BaseBlocks/Logs/SM_ShortLog.uasset" 2035
"D:/UE5Game - Copy/Content/Assets/Models/Blocks/Buildings/BaseBlocks/Logs/SM_ShortLog.uexp" 2036
"D:/UE5Game - Copy/Content/Assets/Models/Blocks/Buildings/BaseBlocks/Logs/SM_ShortLog22.ubulk" 2037
"D:/UE5Game - Copy/Content/Assets/Models/Blocks/Buildings/BaseBlocks/Logs/SM_ShortLog22.uasset" 2038
"D:/UE5Game - Copy/Content/Assets/Models/Blocks/Buildings/BaseBlocks/Logs/SM_ShortLog22.uexp" 2039
"D:/UE5Game - Copy/Content/Assets/Models/Blocks/Buildings/BaseBlocks/Logs/SM_ShortLog45.ubulk" 2040
"D:/UE5Game - Copy/Content/Assets/Models/Blocks/Buildings/BaseBlocks/Logs/SM_ShortLog45.uasset" 2041
"D:/UE5Game - Copy/Content/Assets/Models/Blocks/Buildings/BaseBlocks/Logs/SM_ShortLog45.uexp" 2042
"D:/UE5Game - Copy/Content/Assets/Models/Blocks/Buildings/BaseBlocks/Logs/SM_ShortLog67.ubulk" 2043
"D:/UE5Game - Copy/Content/Assets/Models/Blocks/Buildings/BaseBlocks/Logs/SM_ShortLog67.uasset" 2044
"D:/UE5Game - Copy/Content/Assets/Models/Blocks/Buildings/BaseBlocks/Logs/SM_ShortLog67.uexp" 2045
"D:/UE5Game - Copy/Content/Assets/Models/Blocks/Buildings/BaseBlocks/Logs/SM_ShortLogVert.ubulk" 2046
"D:/UE5Game - Copy/Content/Assets/Models/Blocks/Buildings/BaseBlocks/Logs/SM_ShortLogVert.uasset" 2047
"D:/UE5Game - Copy/Content/Assets/Models/Blocks/Buildings/BaseBlocks/Logs/SM_ShortLogVert.uexp" 2048
"D:/UE5Game - Copy/Content/Assets/Models/Blocks/Buildings/BaseBlocks/SM_BigBrick.ubulk" 2049
"D:/UE5Game - Copy/Content/Assets/Models/Blocks/Buildings/BaseBlocks/SM_BigBrick.uasset" 2050
"D:/UE5Game - Copy/Content/Assets/Models/Blocks/Buildings/BaseBlocks/SM_BigBrick.uexp" 2051
"D:/UE5Game - Copy/Content/Assets/Models/Blocks/Buildings/BaseBlocks/SM_BigBrick45.ubulk" 2052
"D:/UE5Game - Copy/Content/Assets/Models/Blocks/Buildings/BaseBlocks/SM_BigBrick45.uasset" 2053
"D:/UE5Game - Copy/Content/Assets/Models/Blocks/Buildings/BaseBlocks/SM_BigBrick45.uexp" 2054
"D:/UE5Game - Copy/Content/Assets/Models/Blocks/Buildings/BaseBlocks/SM_BigBrickVertical.ubulk" 2055
"D:/UE5Game - Copy/Content/Assets/Models/Blocks/Buildings/BaseBlocks/SM_BigBrickVertical.uasset" 2056
"D:/UE5Game - Copy/Content/Assets/Models/Blocks/Buildings/BaseBlocks/SM_BigBrickVertical.uexp" 2057
"D:/UE5Game - Copy/Content/Assets/Models/Blocks/Buildings/BaseBlocks/SM_CubeSmall.ubulk" 2058
"D:/UE5Game - Copy/Content/Assets/Models/Blocks/Buildings/BaseBlocks/SM_CubeSmall.uasset" 2059
"D:/UE5Game - Copy/Content/Assets/Models/Blocks/Buildings/BaseBlocks/SM_CubeSmall.uexp" 2060
"D:/UE5Game - Copy/Content/Assets/Models/Blocks/Buildings/BaseBlocks/SM_Floor.ubulk" 2061
"D:/UE5Game - Copy/Content/Assets/Models/Blocks/Buildings/BaseBlocks/SM_Floor.uasset" 2062
"D:/UE5Game - Copy/Content/Assets/Models/Blocks/Buildings/BaseBlocks/SM_Floor.uexp" 2063
"D:/UE5Game - Copy/Content/Assets/Models/Blocks/Buildings/BaseBlocks/SM_FloorBig.ubulk" 2064
"D:/UE5Game - Copy/Content/Assets/Models/Blocks/Buildings/BaseBlocks/SM_FloorBig.uasset" 2065
"D:/UE5Game - Copy/Content/Assets/Models/Blocks/Buildings/BaseBlocks/SM_FloorBig.uexp" 2066
"D:/UE5Game - Copy/Content/Assets/Models/Blocks/Buildings/BaseBlocks/SM_SmallStairs.ubulk" 2067
"D:/UE5Game - Copy/Content/Assets/Models/Blocks/Buildings/BaseBlocks/SM_SmallStairs.uasset" 2068
"D:/UE5Game - Copy/Content/Assets/Models/Blocks/Buildings/BaseBlocks/SM_SmallStairs.uexp" 2069
"D:/UE5Game - Copy/Content/Assets/Models/Blocks/Buildings/BaseBlocks/SM_SmallStairsIn1.ubulk" 2070
"D:/UE5Game - Copy/Content/Assets/Models/Blocks/Buildings/BaseBlocks/SM_SmallStairsIn1.uasset" 2071
"D:/UE5Game - Copy/Content/Assets/Models/Blocks/Buildings/BaseBlocks/SM_SmallStairsIn1.uexp" 2072
"D:/UE5Game - Copy/Content/Assets/Models/Blocks/Buildings/BaseBlocks/SM_SmallStairsIn2.ubulk" 2073
"D:/UE5Game - Copy/Content/Assets/Models/Blocks/Buildings/BaseBlocks/SM_SmallStairsIn2.uasset" 2074
"D:/UE5Game - Copy/Content/Assets/Models/Blocks/Buildings/BaseBlocks/SM_SmallStairsIn2.uexp" 2075
"D:/UE5Game - Copy/Content/Assets/Models/Blocks/Buildings/BaseBlocks/SM_SmallStairsOut1.ubulk" 2076
"D:/UE5Game - Copy/Content/Assets/Models/Blocks/Buildings/BaseBlocks/SM_SmallStairsOut1.uasset" 2077
"D:/UE5Game - Copy/Content/Assets/Models/Blocks/Buildings/BaseBlocks/SM_SmallStairsOut1.uexp" 2078
"D:/UE5Game - Copy/Content/Assets/Models/Blocks/Buildings/BaseBlocks/SM_SmallStairsOut2.ubulk" 2079
"D:/UE5Game - Copy/Content/Assets/Models/Blocks/Buildings/BaseBlocks/SM_SmallStairsOut2.uasset" 2080
"D:/UE5Game - Copy/Content/Assets/Models/Blocks/Buildings/BaseBlocks/SM_SmallStairsOut2.uexp" 2081
"D:/UE5Game - Copy/Content/Assets/Models/Blocks/Buildings/BaseBlocks/SM_Stairs.ubulk" 2082
"D:/UE5Game - Copy/Content/Assets/Models/Blocks/Buildings/BaseBlocks/SM_Stairs.uasset" 2083
"D:/UE5Game - Copy/Content/Assets/Models/Blocks/Buildings/BaseBlocks/SM_Stairs.uexp" 2084
"D:/UE5Game - Copy/Content/Assets/Models/Blocks/Buildings/BaseBlocks/SM_Stairs1.ubulk" 2085
"D:/UE5Game - Copy/Content/Assets/Models/Blocks/Buildings/BaseBlocks/SM_Stairs1.uasset" 2086
"D:/UE5Game - Copy/Content/Assets/Models/Blocks/Buildings/BaseBlocks/SM_Stairs1.uexp" 2087
"D:/UE5Game - Copy/Content/Assets/Models/Blocks/Buildings/BaseBlocks/SM_Stairs1in1.ubulk" 2088
"D:/UE5Game - Copy/Content/Assets/Models/Blocks/Buildings/BaseBlocks/SM_Stairs1in1.uasset" 2089
"D:/UE5Game - Copy/Content/Assets/Models/Blocks/Buildings/BaseBlocks/SM_Stairs1in1.uexp" 2090
"D:/UE5Game - Copy/Content/Assets/Models/Blocks/Buildings/BaseBlocks/SM_Stairs1in2.ubulk" 2091
"D:/UE5Game - Copy/Content/Assets/Models/Blocks/Buildings/BaseBlocks/SM_Stairs1in2.uasset" 2092
"D:/UE5Game - Copy/Content/Assets/Models/Blocks/Buildings/BaseBlocks/SM_Stairs1in2.uexp" 2093
"D:/UE5Game - Copy/Content/Assets/Models/Blocks/Buildings/BaseBlocks/SM_Stairs1Out1.ubulk" 2094
"D:/UE5Game - Copy/Content/Assets/Models/Blocks/Buildings/BaseBlocks/SM_Stairs1Out1.uasset" 2095
"D:/UE5Game - Copy/Content/Assets/Models/Blocks/Buildings/BaseBlocks/SM_Stairs1Out1.uexp" 2096
"D:/UE5Game - Copy/Content/Assets/Models/Blocks/Buildings/BaseBlocks/SM_Stairs1Out2.ubulk" 2097
"D:/UE5Game - Copy/Content/Assets/Models/Blocks/Buildings/BaseBlocks/SM_Stairs1Out2.uasset" 2098
"D:/UE5Game - Copy/Content/Assets/Models/Blocks/Buildings/BaseBlocks/SM_Stairs1Out2.uexp" 2099
"D:/UE5Game - Copy/Content/Assets/Models/Blocks/Buildings/BaseBlocks/SM_StairsIn1.ubulk" 2100
"D:/UE5Game - Copy/Content/Assets/Models/Blocks/Buildings/BaseBlocks/SM_StairsIn1.uasset" 2101
"D:/UE5Game - Copy/Content/Assets/Models/Blocks/Buildings/BaseBlocks/SM_StairsIn1.uexp" 2102
"D:/UE5Game - Copy/Content/Assets/Models/Blocks/Buildings/BaseBlocks/SM_StairsIn2.ubulk" 2103
"D:/UE5Game - Copy/Content/Assets/Models/Blocks/Buildings/BaseBlocks/SM_StairsIn2.uasset" 2104
"D:/UE5Game - Copy/Content/Assets/Models/Blocks/Buildings/BaseBlocks/SM_StairsIn2.uexp" 2105
"D:/UE5Game - Copy/Content/Assets/Models/Blocks/Buildings/BaseBlocks/SM_StairsOut1.ubulk" 2106
"D:/UE5Game - Copy/Content/Assets/Models/Blocks/Buildings/BaseBlocks/SM_StairsOut1.uasset" 2107
"D:/UE5Game - Copy/Content/Assets/Models/Blocks/Buildings/BaseBlocks/SM_StairsOut1.uexp" 2108
"D:/UE5Game - Copy/Content/Assets/Models/Blocks/Buildings/BaseBlocks/SM_StairsOut2.ubulk" 2109
"D:/UE5Game - Copy/Content/Assets/Models/Blocks/Buildings/BaseBlocks/SM_StairsOut2.uasset" 2110
"D:/UE5Game - Copy/Content/Assets/Models/Blocks/Buildings/BaseBlocks/SM_StairsOut2.uexp" 2111
"D:/UE5Game - Copy/Content/Assets/Models/Blocks/Buildings/BaseBlocks/SM_Wall.ubulk" 2112
"D:/UE5Game - Copy/Content/Assets/Models/Blocks/Buildings/BaseBlocks/SM_Wall.uasset" 2113
"D:/UE5Game - Copy/Content/Assets/Models/Blocks/Buildings/BaseBlocks/SM_Wall.uexp" 2114
"D:/UE5Game - Copy/Content/Assets/Models/Blocks/Buildings/BaseBlocks/SM_WallBig.ubulk" 2115
"D:/UE5Game - Copy/Content/Assets/Models/Blocks/Buildings/BaseBlocks/SM_WallBig.uasset" 2116
"D:/UE5Game - Copy/Content/Assets/Models/Blocks/Buildings/BaseBlocks/SM_WallBig.uexp" 2117
"D:/UE5Game - Copy/Content/Assets/Textures/Blocks/Buildings/BaseBlocks/T_blue_stone_bricks.uasset" 2118
"D:/UE5Game - Copy/Content/Assets/Textures/Blocks/Buildings/BaseBlocks/T_blue_stone_bricks.uexp" 2119
"D:/UE5Game - Copy/Content/Assets/Textures/Blocks/Buildings/BaseBlocks/T_blue_stone_bricks2.uasset" 2120
"D:/UE5Game - Copy/Content/Assets/Textures/Blocks/Buildings/BaseBlocks/T_blue_stone_bricks2.uexp" 2121
"D:/UE5Game - Copy/Content/Assets/Textures/Blocks/Buildings/BaseBlocks/T_bricks.uasset" 2122
"D:/UE5Game - Copy/Content/Assets/Textures/Blocks/Buildings/BaseBlocks/T_bricks.uexp" 2123
"D:/UE5Game - Copy/Content/Assets/Textures/Blocks/Buildings/BaseBlocks/T_dark_stone_brick.uasset" 2124
"D:/UE5Game - Copy/Content/Assets/Textures/Blocks/Buildings/BaseBlocks/T_dark_stone_brick.uexp" 2125
"D:/UE5Game - Copy/Content/Assets/Textures/Blocks/Buildings/BaseBlocks/T_dark_stone_brick2.uasset" 2126
"D:/UE5Game - Copy/Content/Assets/Textures/Blocks/Buildings/BaseBlocks/T_dark_stone_brick2.uexp" 2127
"D:/UE5Game - Copy/Content/Assets/Textures/Blocks/Buildings/BaseBlocks/T_dark_wood.uasset" 2128
"D:/UE5Game - Copy/Content/Assets/Textures/Blocks/Buildings/BaseBlocks/T_dark_wood.uexp" 2129
"D:/UE5Game - Copy/Content/Assets/Textures/Blocks/Buildings/BaseBlocks/T_dark_wood_floor_tiles1.uasset" 2130
"D:/UE5Game - Copy/Content/Assets/Textures/Blocks/Buildings/BaseBlocks/T_dark_wood_floor_tiles1.uexp" 2131
"D:/UE5Game - Copy/Content/Assets/Textures/Blocks/Buildings/BaseBlocks/T_dark_wood_floor_tiles2.uasset" 2132
"D:/UE5Game - Copy/Content/Assets/Textures/Blocks/Buildings/BaseBlocks/T_dark_wood_floor_tiles2.uexp" 2133
"D:/UE5Game - Copy/Content/Assets/Textures/Blocks/Buildings/BaseBlocks/T_dark_wood_floor_tiles3.uasset" 2134
"D:/UE5Game - Copy/Content/Assets/Textures/Blocks/Buildings/BaseBlocks/T_dark_wood_floor_tiles3.uexp" 2135
"D:/UE5Game - Copy/Content/Assets/Textures/Blocks/Buildings/BaseBlocks/T_dark_wood_floor_tiles4.uasset" 2136
"D:/UE5Game - Copy/Content/Assets/Textures/Blocks/Buildings/BaseBlocks/T_dark_wood_floor_tiles4.uexp" 2137
"D:/UE5Game - Copy/Content/Assets/Textures/Blocks/Buildings/BaseBlocks/T_dark_wood_log.uasset" 2138
"D:/UE5Game - Copy/Content/Assets/Textures/Blocks/Buildings/BaseBlocks/T_dark_wood_log.uexp" 2139
"D:/UE5Game - Copy/Content/Assets/Textures/Blocks/Buildings/BaseBlocks/T_gold.uasset" 2140
"D:/UE5Game - Copy/Content/Assets/Textures/Blocks/Buildings/BaseBlocks/T_gold.uexp" 2141
"D:/UE5Game - Copy/Content/Assets/Textures/Blocks/Buildings/BaseBlocks/T_gold_log.uasset" 2142
"D:/UE5Game - Copy/Content/Assets/Textures/Blocks/Buildings/BaseBlocks/T_gold_log.uexp" 2143
"D:/UE5Game - Copy/Content/Assets/Textures/Blocks/Buildings/BaseBlocks/T_iron.uasset" 2144
"D:/UE5Game - Copy/Content/Assets/Textures/Blocks/Buildings/BaseBlocks/T_iron.uexp" 2145
"D:/UE5Game - Copy/Content/Assets/Textures/Blocks/Buildings/BaseBlocks/T_iron_log.uasset" 2146
"D:/UE5Game - Copy/Content/Assets/Textures/Blocks/Buildings/BaseBlocks/T_iron_log.uexp" 2147
"D:/UE5Game - Copy/Content/Assets/Textures/Blocks/Buildings/BaseBlocks/T_lime_stone_bricks.uasset" 2148
"D:/UE5Game - Copy/Content/Assets/Textures/Blocks/Buildings/BaseBlocks/T_lime_stone_bricks.uexp" 2149
"D:/UE5Game - Copy/Content/Assets/Textures/Blocks/Buildings/BaseBlocks/T_lime_stone_bricks2.uasset" 2150
"D:/UE5Game - Copy/Content/Assets/Textures/Blocks/Buildings/BaseBlocks/T_lime_stone_bricks2.uexp" 2151
"D:/UE5Game - Copy/Content/Assets/Textures/Blocks/Buildings/BaseBlocks/T_stone_bricks.uasset" 2152
"D:/UE5Game - Copy/Content/Assets/Textures/Blocks/Buildings/BaseBlocks/T_stone_bricks.uexp" 2153
"D:/UE5Game - Copy/Content/Assets/Textures/Blocks/Buildings/BaseBlocks/T_stone_bricks2.uasset" 2154
"D:/UE5Game - Copy/Content/Assets/Textures/Blocks/Buildings/BaseBlocks/T_stone_bricks2.uexp" 2155
"D:/UE5Game - Copy/Content/Assets/Textures/Blocks/Buildings/BaseBlocks/T_wood_floor_tiles1.uasset" 2156
"D:/UE5Game - Copy/Content/Assets/Textures/Blocks/Buildings/BaseBlocks/T_wood_floor_tiles1.uexp" 2157
"D:/UE5Game - Copy/Content/Assets/Textures/Blocks/Buildings/BaseBlocks/T_wood_wall_tiles1.uasset" 2158
"D:/UE5Game - Copy/Content/Assets/Textures/Blocks/Buildings/BaseBlocks/T_wood_wall_tiles1.uexp" 2159
"D:/UE5Game - Copy/Content/Assets/Textures/Blocks/Buildings/BaseBlocks/T_wood_wall_tiles2.uasset" 2160
"D:/UE5Game - Copy/Content/Assets/Textures/Blocks/Buildings/BaseBlocks/T_wood_wall_tiles2.uexp" 2161
"D:/UE5Game - Copy/Content/Assets/Textures/Blocks/Buildings/BaseBlocks/T_wood_wall_tiles3.uasset" 2162
"D:/UE5Game - Copy/Content/Assets/Textures/Blocks/Buildings/BaseBlocks/T_wood_wall_tiles3.uexp" 2163
"D:/UE5Game - Copy/Content/Assets/Textures/Blocks/Buildings/BaseBlocks/T_wood_wall_tiles4.uasset" 2164
"D:/UE5Game - Copy/Content/Assets/Textures/Blocks/Buildings/BaseBlocks/T_wood_wall_tiles4.uexp" 2165
"D:/UE5Game - Copy/Content/Assets/Textures/Blocks/Buildings/BaseBlocks/Tiles/T_BlackTiles.uasset" 2166
"D:/UE5Game - Copy/Content/Assets/Textures/Blocks/Buildings/BaseBlocks/Tiles/T_BlackTiles.uexp" 2167
"D:/UE5Game - Copy/Content/Assets/Textures/Blocks/Buildings/BaseBlocks/Tiles/T_BlackTilesBig.uasset" 2168
"D:/UE5Game - Copy/Content/Assets/Textures/Blocks/Buildings/BaseBlocks/Tiles/T_BlackTilesBig.uexp" 2169
"D:/UE5Game - Copy/Content/Assets/Textures/Blocks/Buildings/BaseBlocks/Tiles/T_blue_stone_tiles.uasset" 2170
"D:/UE5Game - Copy/Content/Assets/Textures/Blocks/Buildings/BaseBlocks/Tiles/T_blue_stone_tiles.uexp" 2171
"D:/UE5Game - Copy/Content/Assets/Textures/Blocks/Buildings/BaseBlocks/Tiles/T_blue_stone_tiles_big.uasset" 2172
"D:/UE5Game - Copy/Content/Assets/Textures/Blocks/Buildings/BaseBlocks/Tiles/T_blue_stone_tiles_big.uexp" 2173
"D:/UE5Game - Copy/Content/Assets/Textures/Blocks/Buildings/BaseBlocks/Tiles/T_BlueTiles.uasset" 2174
"D:/UE5Game - Copy/Content/Assets/Textures/Blocks/Buildings/BaseBlocks/Tiles/T_BlueTiles.uexp" 2175
"D:/UE5Game - Copy/Content/Assets/Textures/Blocks/Buildings/BaseBlocks/Tiles/T_BlueTilesBig.uasset" 2176
"D:/UE5Game - Copy/Content/Assets/Textures/Blocks/Buildings/BaseBlocks/Tiles/T_BlueTilesBig.uexp" 2177
"D:/UE5Game - Copy/Content/Assets/Textures/Blocks/Buildings/BaseBlocks/Tiles/T_ChessTiles.uasset" 2178
"D:/UE5Game - Copy/Content/Assets/Textures/Blocks/Buildings/BaseBlocks/Tiles/T_ChessTiles.uexp" 2179
"D:/UE5Game - Copy/Content/Assets/Textures/Blocks/Buildings/BaseBlocks/Tiles/T_ChessTilesBig.uasset" 2180
"D:/UE5Game - Copy/Content/Assets/Textures/Blocks/Buildings/BaseBlocks/Tiles/T_ChessTilesBig.uexp" 2181
"D:/UE5Game - Copy/Content/Assets/Textures/Blocks/Buildings/BaseBlocks/Tiles/T_dark_stone_tiles.uasset" 2182
"D:/UE5Game - Copy/Content/Assets/Textures/Blocks/Buildings/BaseBlocks/Tiles/T_dark_stone_tiles.uexp" 2183
"D:/UE5Game - Copy/Content/Assets/Textures/Blocks/Buildings/BaseBlocks/Tiles/T_dark_stone_tiles_big.uasset" 2184
"D:/UE5Game - Copy/Content/Assets/Textures/Blocks/Buildings/BaseBlocks/Tiles/T_dark_stone_tiles_big.uexp" 2185
"D:/UE5Game - Copy/Content/Assets/Textures/Blocks/Buildings/BaseBlocks/Tiles/T_dark_wood_tiles.uasset" 2186
"D:/UE5Game - Copy/Content/Assets/Textures/Blocks/Buildings/BaseBlocks/Tiles/T_dark_wood_tiles.uexp" 2187
"D:/UE5Game - Copy/Content/Assets/Textures/Blocks/Buildings/BaseBlocks/Tiles/T_dark_wood_tiles_big.uasset" 2188
"D:/UE5Game - Copy/Content/Assets/Textures/Blocks/Buildings/BaseBlocks/Tiles/T_dark_wood_tiles_big.uexp" 2189
"D:/UE5Game - Copy/Content/Assets/Textures/Blocks/Buildings/BaseBlocks/Tiles/T_GrayTiles.uasset" 2190
"D:/UE5Game - Copy/Content/Assets/Textures/Blocks/Buildings/BaseBlocks/Tiles/T_GrayTiles.uexp" 2191
"D:/UE5Game - Copy/Content/Assets/Textures/Blocks/Buildings/BaseBlocks/Tiles/T_GrayTilesBig.uasset" 2192
"D:/UE5Game - Copy/Content/Assets/Textures/Blocks/Buildings/BaseBlocks/Tiles/T_GrayTilesBig.uexp" 2193
"D:/UE5Game - Copy/Content/Assets/Textures/Blocks/Buildings/BaseBlocks/Tiles/T_GreenTilesBig.uasset" 2194
"D:/UE5Game - Copy/Content/Assets/Textures/Blocks/Buildings/BaseBlocks/Tiles/T_GreenTilesBig.uexp" 2195
"D:/UE5Game - Copy/Content/Assets/Textures/Blocks/Buildings/BaseBlocks/Tiles/T_lime_stone_tiles.uasset" 2196
"D:/UE5Game - Copy/Content/Assets/Textures/Blocks/Buildings/BaseBlocks/Tiles/T_lime_stone_tiles.uexp" 2197
"D:/UE5Game - Copy/Content/Assets/Textures/Blocks/Buildings/BaseBlocks/Tiles/T_lime_stone_tiles_big.uasset" 2198
"D:/UE5Game - Copy/Content/Assets/Textures/Blocks/Buildings/BaseBlocks/Tiles/T_lime_stone_tiles_big.uexp" 2199
"D:/UE5Game - Copy/Content/Assets/Textures/Blocks/Buildings/BaseBlocks/Tiles/T_PurpleTiles.uasset" 2200
"D:/UE5Game - Copy/Content/Assets/Textures/Blocks/Buildings/BaseBlocks/Tiles/T_PurpleTiles.uexp" 2201
"D:/UE5Game - Copy/Content/Assets/Textures/Blocks/Buildings/BaseBlocks/Tiles/T_PurpleTilesBig.uasset" 2202
"D:/UE5Game - Copy/Content/Assets/Textures/Blocks/Buildings/BaseBlocks/Tiles/T_PurpleTilesBig.uexp" 2203
"D:/UE5Game - Copy/Content/Assets/Textures/Blocks/Buildings/BaseBlocks/Tiles/T_RedTiles.uasset" 2204
"D:/UE5Game - Copy/Content/Assets/Textures/Blocks/Buildings/BaseBlocks/Tiles/T_RedTiles.uexp" 2205
"D:/UE5Game - Copy/Content/Assets/Textures/Blocks/Buildings/BaseBlocks/Tiles/T_RedTilesBig.uasset" 2206
"D:/UE5Game - Copy/Content/Assets/Textures/Blocks/Buildings/BaseBlocks/Tiles/T_RedTilesBig.uexp" 2207
"D:/UE5Game - Copy/Content/Assets/Textures/Blocks/Buildings/BaseBlocks/Tiles/T_stone_tiles.uasset" 2208
"D:/UE5Game - Copy/Content/Assets/Textures/Blocks/Buildings/BaseBlocks/Tiles/T_stone_tiles.uexp" 2209
"D:/UE5Game - Copy/Content/Assets/Textures/Blocks/Buildings/BaseBlocks/Tiles/T_stone_tiles_big.uasset" 2210
"D:/UE5Game - Copy/Content/Assets/Textures/Blocks/Buildings/BaseBlocks/Tiles/T_stone_tiles_big.uexp" 2211
"D:/UE5Game - Copy/Content/Assets/Textures/Blocks/Buildings/BaseBlocks/Tiles/T_WhiteTiles.uasset" 2212
"D:/UE5Game - Copy/Content/Assets/Textures/Blocks/Buildings/BaseBlocks/Tiles/T_WhiteTiles.uexp" 2213
"D:/UE5Game - Copy/Content/Assets/Textures/Blocks/Buildings/BaseBlocks/Tiles/T_WhiteTilesBig.uasset" 2214
"D:/UE5Game - Copy/Content/Assets/Textures/Blocks/Buildings/BaseBlocks/Tiles/T_WhiteTilesBig.uexp" 2215
"D:/UE5Game - Copy/Content/Assets/Textures/Blocks/Buildings/BaseBlocks/Tiles/T_WoodTiles.uasset" 2216
"D:/UE5Game - Copy/Content/Assets/Textures/Blocks/Buildings/BaseBlocks/Tiles/T_WoodTiles.uexp" 2217
"D:/UE5Game - Copy/Content/Assets/Textures/Blocks/Buildings/BaseBlocks/Tiles/T_WoodTilesBig.uasset" 2218
"D:/UE5Game - Copy/Content/Assets/Textures/Blocks/Buildings/BaseBlocks/Tiles/T_WoodTilesBig.uexp" 2219
"D:/UE5Game - Copy/Content/Assets/Textures/Blocks/Buildings/BaseBlocks/Tiles/T_YellowTiles.uasset" 2220
"D:/UE5Game - Copy/Content/Assets/Textures/Blocks/Buildings/BaseBlocks/Tiles/T_YellowTiles.uexp" 2221
"D:/UE5Game - Copy/Content/Assets/Textures/Blocks/Buildings/BaseBlocks/Tiles/T_YellowTilesBig.uasset" 2222
"D:/UE5Game - Copy/Content/Assets/Textures/Blocks/Buildings/BaseBlocks/Tiles/T_YellowTilesBig.uexp" 2223
"D:/UE5Game - Copy/Content/Data/Placeable/DT_BaseBlocks.uasset" 2224
"D:/UE5Game - Copy/Content/Data/Placeable/DT_BaseBlocks.uexp" 2225
"D:/UE5Game - Copy/Content/Assets/Textures/Blocks/Buildings/BaseBlocks/T_celling_figure_height.uasset" 2226
"D:/UE5Game - Copy/Content/Assets/Textures/Blocks/Buildings/BaseBlocks/T_celling_figure_height.uexp" 2227
"D:/UE5Game - Copy/Content/Assets/Materials/MI_StoneBricksCellingFigure.uasset" 2228
"D:/UE5Game - Copy/Content/Assets/Materials/MI_StoneBricksCellingFigure.uexp" 2229
"D:/UE5Game - Copy/Content/Assets/Models/Blocks/Buildings/Architecture/SM_Bar.ubulk" 2230
"D:/UE5Game - Copy/Content/Assets/Models/Blocks/Buildings/Architecture/SM_Bar.uasset" 2231
"D:/UE5Game - Copy/Content/Assets/Models/Blocks/Buildings/Architecture/SM_Bar.uexp" 2232
"D:/UE5Game - Copy/Content/Assets/Models/Blocks/Buildings/Architecture/SM_BarBig.ubulk" 2233
"D:/UE5Game - Copy/Content/Assets/Models/Blocks/Buildings/Architecture/SM_BarBig.uasset" 2234
"D:/UE5Game - Copy/Content/Assets/Models/Blocks/Buildings/Architecture/SM_BarBig.uexp" 2235
"D:/UE5Game - Copy/Content/Assets/Models/Blocks/Buildings/Architecture/SM_Capitel1.ubulk" 2236
"D:/UE5Game - Copy/Content/Assets/Models/Blocks/Buildings/Architecture/SM_Capitel1.uasset" 2237
"D:/UE5Game - Copy/Content/Assets/Models/Blocks/Buildings/Architecture/SM_Capitel1.uexp" 2238
"D:/UE5Game - Copy/Content/Assets/Models/Blocks/Buildings/Architecture/SM_Capitel2.ubulk" 2239
"D:/UE5Game - Copy/Content/Assets/Models/Blocks/Buildings/Architecture/SM_Capitel2.uasset" 2240
"D:/UE5Game - Copy/Content/Assets/Models/Blocks/Buildings/Architecture/SM_Capitel2.uexp" 2241
"D:/UE5Game - Copy/Content/Assets/Models/Blocks/Buildings/Architecture/SM_CapitelRect.ubulk" 2242
"D:/UE5Game - Copy/Content/Assets/Models/Blocks/Buildings/Architecture/SM_CapitelRect.uasset" 2243
"D:/UE5Game - Copy/Content/Assets/Models/Blocks/Buildings/Architecture/SM_CapitelRect.uexp" 2244
"D:/UE5Game - Copy/Content/Assets/Models/Blocks/Buildings/Architecture/SM_CellingFigure1.ubulk" 2245
"D:/UE5Game - Copy/Content/Assets/Models/Blocks/Buildings/Architecture/SM_CellingFigure1.uasset" 2246
"D:/UE5Game - Copy/Content/Assets/Models/Blocks/Buildings/Architecture/SM_CellingFigure1.uexp" 2247
"D:/UE5Game - Copy/Content/Assets/Models/Blocks/Buildings/Architecture/SM_CellingFigure2.ubulk" 2248
"D:/UE5Game - Copy/Content/Assets/Models/Blocks/Buildings/Architecture/SM_CellingFigure2.uasset" 2249
"D:/UE5Game - Copy/Content/Assets/Models/Blocks/Buildings/Architecture/SM_CellingFigure2.uexp" 2250
"D:/UE5Game - Copy/Content/Assets/Models/Blocks/Buildings/Architecture/SM_CellingFigure3.ubulk" 2251
"D:/UE5Game - Copy/Content/Assets/Models/Blocks/Buildings/Architecture/SM_CellingFigure3.uasset" 2252
"D:/UE5Game - Copy/Content/Assets/Models/Blocks/Buildings/Architecture/SM_CellingFigure3.uexp" 2253
"D:/UE5Game - Copy/Content/Assets/Models/Blocks/Buildings/Architecture/SM_CellingFigureBricks1.ubulk" 2254
"D:/UE5Game - Copy/Content/Assets/Models/Blocks/Buildings/Architecture/SM_CellingFigureBricks1.uasset" 2255
"D:/UE5Game - Copy/Content/Assets/Models/Blocks/Buildings/Architecture/SM_CellingFigureBricks1.uexp" 2256
"D:/UE5Game - Copy/Content/Assets/Models/Blocks/Buildings/Architecture/SM_CellingFigureBricks2.ubulk" 2257
"D:/UE5Game - Copy/Content/Assets/Models/Blocks/Buildings/Architecture/SM_CellingFigureBricks2.uasset" 2258
"D:/UE5Game - Copy/Content/Assets/Models/Blocks/Buildings/Architecture/SM_CellingFigureBricks2.uexp" 2259
"D:/UE5Game - Copy/Content/Assets/Models/Blocks/Buildings/Architecture/SM_CellingFigureBricks3.ubulk" 2260
"D:/UE5Game - Copy/Content/Assets/Models/Blocks/Buildings/Architecture/SM_CellingFigureBricks3.uasset" 2261
"D:/UE5Game - Copy/Content/Assets/Models/Blocks/Buildings/Architecture/SM_CellingFigureBricks3.uexp" 2262
"D:/UE5Game - Copy/Content/Assets/Models/Blocks/Buildings/Architecture/SM_Column1.ubulk" 2263
"D:/UE5Game - Copy/Content/Assets/Models/Blocks/Buildings/Architecture/SM_Column1.uasset" 2264
"D:/UE5Game - Copy/Content/Assets/Models/Blocks/Buildings/Architecture/SM_Column1.uexp" 2265
"D:/UE5Game - Copy/Content/Assets/Models/Blocks/Buildings/Architecture/SM_Column2.ubulk" 2266
"D:/UE5Game - Copy/Content/Assets/Models/Blocks/Buildings/Architecture/SM_Column2.uasset" 2267
"D:/UE5Game - Copy/Content/Assets/Models/Blocks/Buildings/Architecture/SM_Column2.uexp" 2268
"D:/UE5Game - Copy/Content/Assets/Models/Blocks/Buildings/Architecture/SM_ColumnBase1.ubulk" 2269
"D:/UE5Game - Copy/Content/Assets/Models/Blocks/Buildings/Architecture/SM_ColumnBase1.uasset" 2270
"D:/UE5Game - Copy/Content/Assets/Models/Blocks/Buildings/Architecture/SM_ColumnBase1.uexp" 2271
"D:/UE5Game - Copy/Content/Assets/Models/Blocks/Buildings/Architecture/SM_ColumnBase2.ubulk" 2272
"D:/UE5Game - Copy/Content/Assets/Models/Blocks/Buildings/Architecture/SM_ColumnBase2.uasset" 2273
"D:/UE5Game - Copy/Content/Assets/Models/Blocks/Buildings/Architecture/SM_ColumnBase2.uexp" 2274
"D:/UE5Game - Copy/Content/Assets/Models/Blocks/Buildings/Architecture/SM_ColumnBaseRect1.ubulk" 2275
"D:/UE5Game - Copy/Content/Assets/Models/Blocks/Buildings/Architecture/SM_ColumnBaseRect1.uasset" 2276
"D:/UE5Game - Copy/Content/Assets/Models/Blocks/Buildings/Architecture/SM_ColumnBaseRect1.uexp" 2277
"D:/UE5Game - Copy/Content/Assets/Textures/Blocks/Buildings/Architecture/T_Bar.uasset" 2278
"D:/UE5Game - Copy/Content/Assets/Textures/Blocks/Buildings/Architecture/T_Bar.uexp" 2279
"D:/UE5Game - Copy/Content/Assets/Textures/Blocks/Buildings/Architecture/T_bar_big.uasset" 2280
"D:/UE5Game - Copy/Content/Assets/Textures/Blocks/Buildings/Architecture/T_bar_big.uexp" 2281
"D:/UE5Game - Copy/Content/Assets/Textures/Blocks/Buildings/Architecture/T_blue_stone_bricks2_celling_figure2.uasset" 2282
"D:/UE5Game - Copy/Content/Assets/Textures/Blocks/Buildings/Architecture/T_blue_stone_bricks2_celling_figure2.uexp" 2283
"D:/UE5Game - Copy/Content/Assets/Textures/Blocks/Buildings/Architecture/T_bricks_celling_figure.uasset" 2284
"D:/UE5Game - Copy/Content/Assets/Textures/Blocks/Buildings/Architecture/T_bricks_celling_figure.uexp" 2285
"D:/UE5Game - Copy/Content/Assets/Textures/Blocks/Buildings/Architecture/T_dark_stone_bricks2_celling_figure.uasset" 2286
"D:/UE5Game - Copy/Content/Assets/Textures/Blocks/Buildings/Architecture/T_dark_stone_bricks2_celling_figure.uexp" 2287
"D:/UE5Game - Copy/Content/Assets/Textures/Blocks/Buildings/Architecture/T_lime_stone_bricks2_celling_figure2.uasset" 2288
"D:/UE5Game - Copy/Content/Assets/Textures/Blocks/Buildings/Architecture/T_lime_stone_bricks2_celling_figure2.uexp" 2289
"D:/UE5Game - Copy/Content/Assets/Textures/Blocks/Buildings/Architecture/T_stone_bricks2_celling_figure2.uasset" 2290
"D:/UE5Game - Copy/Content/Assets/Textures/Blocks/Buildings/Architecture/T_stone_bricks2_celling_figure2.uexp" 2291
"D:/UE5Game - Copy/Content/Data/Placeable/DT_Architecture.uasset" 2292
"D:/UE5Game - Copy/Content/Data/Placeable/DT_Architecture.uexp" 2293
"D:/UE5Game - Copy/Content/Data/Placeable/CDT_Placeable.uasset" 2294
"D:/UE5Game - Copy/Content/Data/Placeable/CDT_Placeable.uexp" 2295
"D:/UE5Game - Copy/Content/UI/Storage/UW_CreativeBar.uasset" 2296
"D:/UE5Game - Copy/Content/UI/Storage/UW_CreativeBar.uexp" 2297
"D:/UE5Game - Copy/Content/Blueprints/SkillSystem/Effects/AE_KnockedDown.uasset" 2298
"D:/UE5Game - Copy/Content/Blueprints/SkillSystem/Effects/AE_KnockedDown.uexp" 2299
"D:/UE5Game - Copy/Content/Blueprints/Cheats/BP_CheatManager.uasset" 2300
"D:/UE5Game - Copy/Content/Blueprints/Cheats/BP_CheatManager.uexp" 2301
"D:/UE5Game - Copy/Content/Blueprints/Entities/BPI_Entity.uasset" 2302
"D:/UE5Game - Copy/Content/Blueprints/Entities/BPI_Entity.uexp" 2303
"D:/UE5Game - Copy/Content/Blueprints/Entities/A_Entity.uasset" 2304
"D:/UE5Game - Copy/Content/Blueprints/Entities/A_Entity.uexp" 2305
"D:/UE5Game - Copy/Content/Blueprints/Entities/A_EntityManager.uasset" 2306
"D:/UE5Game - Copy/Content/Blueprints/Entities/A_EntityManager.uexp" 2307
"D:/UE5Game - Copy/Content/Blueprints/SkillSystem/AC_SkillTrees.uasset" 2308
"D:/UE5Game - Copy/Content/Blueprints/SkillSystem/AC_SkillTrees.uexp" 2309
"D:/UE5Game - Copy/Content/Blueprints/SkillSystem/Skills/Movement/AS_Jump.uasset" 2310
"D:/UE5Game - Copy/Content/Blueprints/SkillSystem/Skills/Movement/AS_Jump.uexp" 2311
"D:/UE5Game - Copy/Content/Blueprints/SkillSystem/Skills/Movement/AS_Run.uasset" 2312
"D:/UE5Game - Copy/Content/Blueprints/SkillSystem/Skills/Movement/AS_Run.uexp" 2313
"D:/UE5Game - Copy/Content/Blueprints/SkillSystem/Skills/Movement/AS_Move.uasset" 2314
"D:/UE5Game - Copy/Content/Blueprints/SkillSystem/Skills/Movement/AS_Move.uexp" 2315
"D:/UE5Game - Copy/Content/Blueprints/SkillSystem/Skills/Movement/A_PullUp.uasset" 2316
"D:/UE5Game - Copy/Content/Blueprints/SkillSystem/Skills/Movement/A_PullUp.uexp" 2317
"D:/UE5Game - Copy/Content/Blueprints/SkillSystem/Skills/Movement/AS_Climb.uasset" 2318
"D:/UE5Game - Copy/Content/Blueprints/SkillSystem/Skills/Movement/AS_Climb.uexp" 2319
"D:/UE5Game - Copy/Content/Blueprints/SkillSystem/Skills/Movement/AS_MoveInterface.uasset" 2320
"D:/UE5Game - Copy/Content/Blueprints/SkillSystem/Skills/Movement/AS_MoveInterface.uexp" 2321
"D:/UE5Game - Copy/Content/Player/Input/Actions/IA_ChangeActiveSlot.uasset" 2322
"D:/UE5Game - Copy/Content/Player/Input/Actions/IA_ChangeActiveSlot.uexp" 2323
"D:/UE5Game - Copy/Content/Player/Input/Actions/IA_Equipment.uasset" 2324
"D:/UE5Game - Copy/Content/Player/Input/Actions/IA_Equipment.uexp" 2325
"D:/UE5Game - Copy/Content/Player/Input/Actions/IA_Esc.uasset" 2326
"D:/UE5Game - Copy/Content/Player/Input/Actions/IA_Esc.uexp" 2327
"D:/UE5Game - Copy/Content/Player/Input/Actions/IA_Interact.uasset" 2328
"D:/UE5Game - Copy/Content/Player/Input/Actions/IA_Interact.uexp" 2329
"D:/UE5Game - Copy/Content/Player/Input/Actions/IA_Jump.uasset" 2330
"D:/UE5Game - Copy/Content/Player/Input/Actions/IA_Jump.uexp" 2331
"D:/UE5Game - Copy/Content/Player/Input/Actions/IA_LeftMouseBtn.uasset" 2332
"D:/UE5Game - Copy/Content/Player/Input/Actions/IA_LeftMouseBtn.uexp" 2333
"D:/UE5Game - Copy/Content/Player/Input/Actions/IA_LockTarget.uasset" 2334
"D:/UE5Game - Copy/Content/Player/Input/Actions/IA_LockTarget.uexp" 2335
"D:/UE5Game - Copy/Content/Player/Input/Actions/IA_MovePlayer.uasset" 2336
"D:/UE5Game - Copy/Content/Player/Input/Actions/IA_MovePlayer.uexp" 2337
"D:/UE5Game - Copy/Content/Player/Input/Actions/IA_Numbers.uasset" 2338
"D:/UE5Game - Copy/Content/Player/Input/Actions/IA_Numbers.uexp" 2339
"D:/UE5Game - Copy/Content/Player/Input/Actions/IA_OpenInventory.uasset" 2340
"D:/UE5Game - Copy/Content/Player/Input/Actions/IA_OpenInventory.uexp" 2341
"D:/UE5Game - Copy/Content/Player/Input/Actions/IA_OpenSkills.uasset" 2342
"D:/UE5Game - Copy/Content/Player/Input/Actions/IA_OpenSkills.uexp" 2343
"D:/UE5Game - Copy/Content/Player/Input/Actions/IA_RightMouseBtn.uasset" 2344
"D:/UE5Game - Copy/Content/Player/Input/Actions/IA_RightMouseBtn.uexp" 2345
"D:/UE5Game - Copy/Content/Player/Input/Actions/IA_Run.uasset" 2346
"D:/UE5Game - Copy/Content/Player/Input/Actions/IA_Run.uexp" 2347
"D:/UE5Game - Copy/Content/Player/Input/Actions/IA_Save.uasset" 2348
"D:/UE5Game - Copy/Content/Player/Input/Actions/IA_Save.uexp" 2349
"D:/UE5Game - Copy/Content/Player/Input/Actions/IA_SwitchPanel.uasset" 2350
"D:/UE5Game - Copy/Content/Player/Input/Actions/IA_SwitchPanel.uexp" 2351
"D:/UE5Game - Copy/Content/Player/Input/Actions/IA_Test.uasset" 2352
"D:/UE5Game - Copy/Content/Player/Input/Actions/IA_Test.uexp" 2353
"D:/UE5Game - Copy/Content/Player/Input/Actions/IA_Throw.uasset" 2354
"D:/UE5Game - Copy/Content/Player/Input/Actions/IA_Throw.uexp" 2355
"D:/UE5Game - Copy/Content/Player/Input/Actions/IA_ChangeGrid.uasset" 2356
"D:/UE5Game - Copy/Content/Player/Input/Actions/IA_ChangeGrid.uexp" 2357
"D:/UE5Game - Copy/Content/Player/Input/Actions/IA_ChangeSnaping.uasset" 2358
"D:/UE5Game - Copy/Content/Player/Input/Actions/IA_ChangeSnaping.uexp" 2359
"D:/UE5Game - Copy/Content/Player/Input/Actions/IA_Climb.uasset" 2360
"D:/UE5Game - Copy/Content/Player/Input/Actions/IA_Climb.uexp" 2361
"D:/UE5Game - Copy/Content/Player/Input/Actions/IA_MousePos.uasset" 2362
"D:/UE5Game - Copy/Content/Player/Input/Actions/IA_MousePos.uexp" 2363
"D:/UE5Game - Copy/Content/Player/Input/Actions/IA_NextBuildType.uasset" 2364
"D:/UE5Game - Copy/Content/Player/Input/Actions/IA_NextBuildType.uexp" 2365
"D:/UE5Game - Copy/Content/Player/Input/Actions/IA_PreviousBuildType.uasset" 2366
"D:/UE5Game - Copy/Content/Player/Input/Actions/IA_PreviousBuildType.uexp" 2367
"D:/UE5Game - Copy/Content/Player/Input/Actions/IA_RotatePreview.uasset" 2368
"D:/UE5Game - Copy/Content/Player/Input/Actions/IA_RotatePreview.uexp" 2369
"D:/UE5Game - Copy/Content/Player/Input/Actions/IA_SwitchBuildRotation.uasset" 2370
"D:/UE5Game - Copy/Content/Player/Input/Actions/IA_SwitchBuildRotation.uexp" 2371
"D:/UE5Game - Copy/Content/Player/Input/Actions/IA_X.uasset" 2372
"D:/UE5Game - Copy/Content/Player/Input/Actions/IA_X.uexp" 2373
"D:/UE5Game - Copy/Content/Player/Input/Actions/IA_Y.uasset" 2374
"D:/UE5Game - Copy/Content/Player/Input/Actions/IA_Y.uexp" 2375
"D:/UE5Game - Copy/Content/Player/Input/Actions/IA_Z.uasset" 2376
"D:/UE5Game - Copy/Content/Player/Input/Actions/IA_Z.uexp" 2377
"D:/UE5Game - Copy/Content/Player/Input/IMP_Player.uasset" 2378
"D:/UE5Game - Copy/Content/Player/Input/IMP_Player.uexp" 2379
"D:/UE5Game - Copy/Content/Player/PC_Player.uasset" 2380
"D:/UE5Game - Copy/Content/Player/PC_Player.uexp" 2381
"D:/UE5Game - Copy/Content/UI/Storage/UW_BuffTooltip.uasset" 2382
"D:/UE5Game - Copy/Content/UI/Storage/UW_BuffTooltip.uexp" 2383
"D:/UE5Game - Copy/Content/UI/Storage/S_BuffPreviewData.uasset" 2384
"D:/UE5Game - Copy/Content/UI/Storage/S_BuffPreviewData.uexp" 2385
"D:/UE5Game - Copy/Content/UI/Storage/UW_Stat.uasset" 2386
"D:/UE5Game - Copy/Content/UI/Storage/UW_Stat.uexp" 2387
"D:/UE5Game - Copy/Content/Assets/UI/T_UI_Attrubutes.uasset" 2388
"D:/UE5Game - Copy/Content/Assets/UI/T_UI_Attrubutes.uexp" 2389
"D:/UE5Game - Copy/Content/Assets/UI/T_UI_Equipment.uasset" 2390
"D:/UE5Game - Copy/Content/Assets/UI/T_UI_Equipment.uexp" 2391
"D:/UE5Game - Copy/Content/Assets/UI/T_UI_expandBtn.uasset" 2392
"D:/UE5Game - Copy/Content/Assets/UI/T_UI_expandBtn.uexp" 2393
"D:/UE5Game - Copy/Content/Assets/UI/T_UI_expandBtnClicked.uasset" 2394
"D:/UE5Game - Copy/Content/Assets/UI/T_UI_expandBtnClicked.uexp" 2395
"D:/UE5Game - Copy/Content/Assets/UI/T_UI_slot_amulet.uasset" 2396
"D:/UE5Game - Copy/Content/Assets/UI/T_UI_slot_amulet.uexp" 2397
"D:/UE5Game - Copy/Content/Assets/UI/T_UI_slot_Arms.uasset" 2398
"D:/UE5Game - Copy/Content/Assets/UI/T_UI_slot_Arms.uexp" 2399
"D:/UE5Game - Copy/Content/Assets/UI/T_UI_slot_back.uasset" 2400
"D:/UE5Game - Copy/Content/Assets/UI/T_UI_slot_back.uexp" 2401
"D:/UE5Game - Copy/Content/Assets/UI/T_UI_slot_body.uasset" 2402
"D:/UE5Game - Copy/Content/Assets/UI/T_UI_slot_body.uexp" 2403
"D:/UE5Game - Copy/Content/Assets/UI/T_UI_slot_head.uasset" 2404
"D:/UE5Game - Copy/Content/Assets/UI/T_UI_slot_head.uexp" 2405
"D:/UE5Game - Copy/Content/Assets/UI/T_UI_slot_legs.uasset" 2406
"D:/UE5Game - Copy/Content/Assets/UI/T_UI_slot_legs.uexp" 2407
"D:/UE5Game - Copy/Content/Assets/UI/T_UI_slot_ring.uasset" 2408
"D:/UE5Game - Copy/Content/Assets/UI/T_UI_slot_ring.uexp" 2409
"D:/UE5Game - Copy/Content/Assets/UI/T_UI_slot_shoulders.uasset" 2410
"D:/UE5Game - Copy/Content/Assets/UI/T_UI_slot_shoulders.uexp" 2411
"D:/UE5Game - Copy/Content/Assets/UI/T_UI_slot_trousers.uasset" 2412
"D:/UE5Game - Copy/Content/Assets/UI/T_UI_slot_trousers.uexp" 2413
"D:/UE5Game - Copy/Content/UI/Storage/UW_Equipment.uasset" 2414
"D:/UE5Game - Copy/Content/UI/Storage/UW_Equipment.uexp" 2415
"D:/UE5Game - Copy/Content/Assets/UI/T_UI_inventroy.uasset" 2416
"D:/UE5Game - Copy/Content/Assets/UI/T_UI_inventroy.uexp" 2417
"D:/UE5Game - Copy/Content/UI/Storage/UW_Storage.uasset" 2418
"D:/UE5Game - Copy/Content/UI/Storage/UW_Storage.uexp" 2419
"D:/UE5Game - Copy/Content/UI/SkillTrees/UW_GrayLayer.uasset" 2420
"D:/UE5Game - Copy/Content/UI/SkillTrees/UW_GrayLayer.uexp" 2421
"D:/UE5Game - Copy/Content/UI/Panel/UW_PanelBase.uasset" 2422
"D:/UE5Game - Copy/Content/UI/Panel/UW_PanelBase.uexp" 2423
"D:/UE5Game - Copy/Content/Assets/UI/T_UI_arm_gold.uasset" 2424
"D:/UE5Game - Copy/Content/Assets/UI/T_UI_arm_gold.uexp" 2425
"D:/UE5Game - Copy/Content/Assets/UI/T_UI_arm_gold_round.uasset" 2426
"D:/UE5Game - Copy/Content/Assets/UI/T_UI_arm_gold_round.uexp" 2427
"D:/UE5Game - Copy/Content/UI/Panel/UW_ActiveSlotR.uasset" 2428
"D:/UE5Game - Copy/Content/UI/Panel/UW_ActiveSlotR.uexp" 2429
"D:/UE5Game - Copy/Content/Assets/UI/T_UI_arm_silver.uasset" 2430
"D:/UE5Game - Copy/Content/Assets/UI/T_UI_arm_silver.uexp" 2431
"D:/UE5Game - Copy/Content/Assets/UI/T_UI_arm_silver_round.uasset" 2432
"D:/UE5Game - Copy/Content/Assets/UI/T_UI_arm_silver_round.uexp" 2433
"D:/UE5Game - Copy/Content/UI/Panel/UW_ActiveSlotL.uasset" 2434
"D:/UE5Game - Copy/Content/UI/Panel/UW_ActiveSlotL.uexp" 2435
"D:/UE5Game - Copy/Content/Assets/UI/T_UI_Panel.uasset" 2436
"D:/UE5Game - Copy/Content/Assets/UI/T_UI_Panel.uexp" 2437
"D:/UE5Game - Copy/Content/UI/Panel/UW_PanelItem.uasset" 2438
"D:/UE5Game - Copy/Content/UI/Panel/UW_PanelItem.uexp" 2439
"D:/UE5Game - Copy/Content/UI/Storage/UW_ItemSlot.uasset" 2440
"D:/UE5Game - Copy/Content/UI/Storage/UW_ItemSlot.uexp" 2441
"D:/UE5Game - Copy/Content/UI/SkillTrees/BP_DragSkill.uasset" 2442
"D:/UE5Game - Copy/Content/UI/SkillTrees/BP_DragSkill.uexp" 2443
"D:/UE5Game - Copy/Content/Assets/Icons/UI/blue_background_round.uasset" 2444
"D:/UE5Game - Copy/Content/Assets/Icons/UI/blue_background_round.uexp" 2445
"D:/UE5Game - Copy/Content/Assets/UI/T_UI_panel_magic.uasset" 2446
"D:/UE5Game - Copy/Content/Assets/UI/T_UI_panel_magic.uexp" 2447
"D:/UE5Game - Copy/Content/UI/Panel/UW_PanelSkills.uasset" 2448
"D:/UE5Game - Copy/Content/UI/Panel/UW_PanelSkills.uexp" 2449
"D:/UE5Game - Copy/Content/UI/SkillTrees/UW_DragSkill.uasset" 2450
"D:/UE5Game - Copy/Content/UI/SkillTrees/UW_DragSkill.uexp" 2451
"D:/UE5Game - Copy/Content/UI/SkillTrees/UW_SkillSlot.uasset" 2452
"D:/UE5Game - Copy/Content/UI/SkillTrees/UW_SkillSlot.uexp" 2453
"D:/UE5Game - Copy/Content/UI/Panel/UW_PanelHolder.uasset" 2454
"D:/UE5Game - Copy/Content/UI/Panel/UW_PanelHolder.uexp" 2455
"D:/UE5Game - Copy/Content/Blueprints/SaveLoad/SG_Player.uasset" 2456
"D:/UE5Game - Copy/Content/Blueprints/SaveLoad/SG_Player.uexp" 2457
"D:/UE5Game - Copy/Content/Blueprints/SaveLoad/BFL_SaveLoad.uasset" 2458
"D:/UE5Game - Copy/Content/Blueprints/SaveLoad/BFL_SaveLoad.uexp" 2459
"D:/UE5Game - Copy/Content/Assets/Entities/Models_BodyManNew.uasset" 2460
"D:/UE5Game - Copy/Content/Assets/Entities/Models_BodyManNew.uexp" 2461
"D:/UE5Game - Copy/Content/Data/BodyParts/S_BodyType.uasset" 2462
"D:/UE5Game - Copy/Content/Data/BodyParts/S_BodyType.uexp" 2463
"D:/UE5Game - Copy/Content/Data/BodyParts/S_BodyPart.uasset" 2464
"D:/UE5Game - Copy/Content/Data/BodyParts/S_BodyPart.uexp" 2465
"D:/UE5Game - Copy/Content/Assets/Textures/Emotions/T_Mouth1.uasset" 2466
"D:/UE5Game - Copy/Content/Assets/Textures/Emotions/T_Mouth1.uexp" 2467
"D:/UE5Game - Copy/Content/Assets/Textures/Emotions/T_Mouth2.uasset" 2468
"D:/UE5Game - Copy/Content/Assets/Textures/Emotions/T_Mouth2.uexp" 2469
"D:/UE5Game - Copy/Content/Assets/Textures/Emotions/T_Mouth3.uasset" 2470
"D:/UE5Game - Copy/Content/Assets/Textures/Emotions/T_Mouth3.uexp" 2471
"D:/UE5Game - Copy/Content/Data/BodyParts/DT_Mouth.uasset" 2472
"D:/UE5Game - Copy/Content/Data/BodyParts/DT_Mouth.uexp" 2473
"D:/UE5Game - Copy/Content/Assets/Textures/Emotions/T_Eyes1.uasset" 2474
"D:/UE5Game - Copy/Content/Assets/Textures/Emotions/T_Eyes1.uexp" 2475
"D:/UE5Game - Copy/Content/Assets/Textures/Emotions/T_Eyes2.uasset" 2476
"D:/UE5Game - Copy/Content/Assets/Textures/Emotions/T_Eyes2.uexp" 2477
"D:/UE5Game - Copy/Content/Assets/Textures/Emotions/T_Eyes3.uasset" 2478
"D:/UE5Game - Copy/Content/Assets/Textures/Emotions/T_Eyes3.uexp" 2479
"D:/UE5Game - Copy/Content/Data/BodyParts/DT_Eyes.uasset" 2480
"D:/UE5Game - Copy/Content/Data/BodyParts/DT_Eyes.uexp" 2481
"D:/UE5Game - Copy/Content/Assets/Textures/Emotions/T_Brows1.uasset" 2482
"D:/UE5Game - Copy/Content/Assets/Textures/Emotions/T_Brows1.uexp" 2483
"D:/UE5Game - Copy/Content/Assets/Textures/Emotions/T_Brows2.uasset" 2484
"D:/UE5Game - Copy/Content/Assets/Textures/Emotions/T_Brows2.uexp" 2485
"D:/UE5Game - Copy/Content/Assets/Textures/Emotions/T_Brows3.uasset" 2486
"D:/UE5Game - Copy/Content/Assets/Textures/Emotions/T_Brows3.uexp" 2487
"D:/UE5Game - Copy/Content/Data/BodyParts/DT_Brows.uasset" 2488
"D:/UE5Game - Copy/Content/Data/BodyParts/DT_Brows.uexp" 2489
"D:/UE5Game - Copy/Content/Data/BodyParts/DT_BodyTypes.uasset" 2490
"D:/UE5Game - Copy/Content/Data/BodyParts/DT_BodyTypes.uexp" 2491
"D:/UE5Game - Copy/Content/Assets/Textures/Emotions/T_Purples.uasset" 2492
"D:/UE5Game - Copy/Content/Assets/Textures/Emotions/T_Purples.uexp" 2493
"D:/UE5Game - Copy/Content/Assets/Materials/Emotions/M_Purples.uasset" 2494
"D:/UE5Game - Copy/Content/Assets/Materials/Emotions/M_Purples.uexp" 2495
"D:/UE5Game - Copy/Content/Assets/Materials/Emotions/M_HairDecal.uasset" 2496
"D:/UE5Game - Copy/Content/Assets/Materials/Emotions/M_HairDecal.uexp" 2497
"D:/UE5Game - Copy/Content/Assets/Materials/Emotions/MI_Brows.uasset" 2498
"D:/UE5Game - Copy/Content/Assets/Materials/Emotions/MI_Brows.uexp" 2499
"../../../Engine/Content/EngineResources/DefaultTexture.ubulk" 2500
"../../../Engine/Content/EngineResources/DefaultTexture.uasset" 2501
"../../../Engine/Content/EngineResources/DefaultTexture.uexp" 2502
"D:/UE5Game - Copy/Content/Assets/Materials/Emotions/M_Choose.uasset" 2503
"D:/UE5Game - Copy/Content/Assets/Materials/Emotions/M_Choose.uexp" 2504
"D:/UE5Game - Copy/Content/Assets/Materials/Emotions/MI_Eyes1.uasset" 2505
"D:/UE5Game - Copy/Content/Assets/Materials/Emotions/MI_Eyes1.uexp" 2506
"D:/UE5Game - Copy/Content/Assets/Materials/Emotions/MI_Mouth.uasset" 2507
"D:/UE5Game - Copy/Content/Assets/Materials/Emotions/MI_Mouth.uexp" 2508
"D:/UE5Game - Copy/Content/Assets/Materials/Emotions/MI_Skin.uasset" 2509
"D:/UE5Game - Copy/Content/Assets/Materials/Emotions/MI_Skin.uexp" 2510
"D:/UE5Game - Copy/Content/Blueprints/Animations/AC_BodyPart.uasset" 2511
"D:/UE5Game - Copy/Content/Blueprints/Animations/AC_BodyPart.uexp" 2512
"D:/UE5Game - Copy/Content/Blueprints/SkillSystem/Skills/Base/AS_Die.uasset" 2513
"D:/UE5Game - Copy/Content/Blueprints/SkillSystem/Skills/Base/AS_Die.uexp" 2514
"D:/UE5Game - Copy/Content/Blueprints/SkillSystem/Skills/Base/AS_TakeDamage.uasset" 2515
"D:/UE5Game - Copy/Content/Blueprints/SkillSystem/Skills/Base/AS_TakeDamage.uexp" 2516
"D:/UE5Game - Copy/Content/Blueprints/SkillSystem/Skills/Base/AS_TakeItem.uasset" 2517
"D:/UE5Game - Copy/Content/Blueprints/SkillSystem/Skills/Base/AS_TakeItem.uexp" 2518
"D:/UE5Game - Copy/Content/Blueprints/Items/BP_Item.uasset" 2519
"D:/UE5Game - Copy/Content/Blueprints/Items/BP_Item.uexp" 2520
"D:/UE5Game - Copy/Content/Data/S_CompBase.uasset" 2521
"D:/UE5Game - Copy/Content/Data/S_CompBase.uexp" 2522
"D:/UE5Game - Copy/Content/Data/O_Item.uasset" 2523
"D:/UE5Game - Copy/Content/Data/O_Item.uexp" 2524
"D:/UE5Game - Copy/Content/Blueprints/StorageSystem/AC_ItemStorage.uasset" 2525
"D:/UE5Game - Copy/Content/Blueprints/StorageSystem/AC_ItemStorage.uexp" 2526
"D:/UE5Game - Copy/Content/UI/UW_PlayerName.uasset" 2527
"D:/UE5Game - Copy/Content/UI/UW_PlayerName.uexp" 2528
"D:/UE5Game - Copy/Content/Player/AC_BuildingSettings.uasset" 2529
"D:/UE5Game - Copy/Content/Player/AC_BuildingSettings.uexp" 2530
"D:/UE5Game - Copy/Content/Player/BP_Character.uasset" 2531
"D:/UE5Game - Copy/Content/Player/BP_Character.uexp" 2532
"D:/UE5Game - Copy/Content/UI/UW_Screen.uasset" 2533
"D:/UE5Game - Copy/Content/UI/UW_Screen.uexp" 2534
"D:/UE5Game - Copy/Content/UI/UW_Damage.uasset" 2535
"D:/UE5Game - Copy/Content/UI/UW_Damage.uexp" 2536
"D:/UE5Game - Copy/Content/Assets/Sounds/UI/SW_Inventory1.ubulk" 2537
"D:/UE5Game - Copy/Content/Assets/Sounds/UI/SW_Inventory1.uasset" 2538
"D:/UE5Game - Copy/Content/Assets/Sounds/UI/SW_Inventory1.uexp" 2539
"D:/UE5Game - Copy/Content/Assets/Sounds/UI/SW_Inventory2.ubulk" 2540
"D:/UE5Game - Copy/Content/Assets/Sounds/UI/SW_Inventory2.uasset" 2541
"D:/UE5Game - Copy/Content/Assets/Sounds/UI/SW_Inventory2.uexp" 2542
"D:/UE5Game - Copy/Content/Assets/Sounds/UI/SW_Inventory3.ubulk" 2543
"D:/UE5Game - Copy/Content/Assets/Sounds/UI/SW_Inventory3.uasset" 2544
"D:/UE5Game - Copy/Content/Assets/Sounds/UI/SW_Inventory3.uexp" 2545
"D:/UE5Game - Copy/Content/UI/Effects/UW_EffectTooltip.uasset" 2546
"D:/UE5Game - Copy/Content/UI/Effects/UW_EffectTooltip.uexp" 2547
"D:/UE5Game - Copy/Content/Assets/Textures/Blocks/Voxel/T_temp.uasset" 2548
"D:/UE5Game - Copy/Content/Assets/Textures/Blocks/Voxel/T_temp.uexp" 2549
"D:/UE5Game - Copy/Content/Assets/Materials/M_Gray.uasset" 2550
"D:/UE5Game - Copy/Content/Assets/Materials/M_Gray.uexp" 2551
"../../../Engine/Content/EditorResources/BadHighlight.ubulk" 2552
"../../../Engine/Content/EditorResources/BadHighlight.uasset" 2553
"../../../Engine/Content/EditorResources/BadHighlight.uexp" 2554
"D:/UE5Game - Copy/Content/Data/Skills/EffectPreview/S_EffectPreview.uasset" 2555
"D:/UE5Game - Copy/Content/Data/Skills/EffectPreview/S_EffectPreview.uexp" 2556
"D:/UE5Game - Copy/Content/Assets/Icons/Skills/ICON_Knocked.uasset" 2557
"D:/UE5Game - Copy/Content/Assets/Icons/Skills/ICON_Knocked.uexp" 2558
"D:/UE5Game - Copy/Content/Data/Skills/EffectPreview/DT_EffectPreview.uasset" 2559
"D:/UE5Game - Copy/Content/Data/Skills/EffectPreview/DT_EffectPreview.uexp" 2560
"D:/UE5Game - Copy/Content/UI/Effects/UW_EffectPreview.uasset" 2561
"D:/UE5Game - Copy/Content/UI/Effects/UW_EffectPreview.uexp" 2562
"D:/UE5Game - Copy/Content/UI/Effects/UW_EffectsPreviewHolder.uasset" 2563
"D:/UE5Game - Copy/Content/UI/Effects/UW_EffectsPreviewHolder.uexp" 2564
"D:/UE5Game - Copy/Content/UI/InteractTooltips/UW_TakeTooltip.uasset" 2565
"D:/UE5Game - Copy/Content/UI/InteractTooltips/UW_TakeTooltip.uexp" 2566
"D:/UE5Game - Copy/Content/Assets/UI/T_UI_deadScreen.uasset" 2567
"D:/UE5Game - Copy/Content/Assets/UI/T_UI_deadScreen.uexp" 2568
"D:/UE5Game - Copy/Content/UI/Menu/UW_DeathScreen.uasset" 2569
"D:/UE5Game - Copy/Content/UI/Menu/UW_DeathScreen.uexp" 2570
"D:/UE5Game - Copy/Content/Assets/UI/T_UI_Btn.uasset" 2571
"D:/UE5Game - Copy/Content/Assets/UI/T_UI_Btn.uexp" 2572
"D:/UE5Game - Copy/Content/Assets/UI/T_UI_BtnPressed.uasset" 2573
"D:/UE5Game - Copy/Content/Assets/UI/T_UI_BtnPressed.uexp" 2574
"D:/UE5Game - Copy/Content/Assets/UI/T_UI_Menu.uasset" 2575
"D:/UE5Game - Copy/Content/Assets/UI/T_UI_Menu.uexp" 2576
"D:/UE5Game - Copy/Content/Assets/UI/T_UI_MenuHorizontalBig.uasset" 2577
"D:/UE5Game - Copy/Content/Assets/UI/T_UI_MenuHorizontalBig.uexp" 2578
"D:/UE5Game - Copy/Content/Assets/UI/T_UI_BtnBackPressed.uasset" 2579
"D:/UE5Game - Copy/Content/Assets/UI/T_UI_BtnBackPressed.uexp" 2580
"D:/UE5Game - Copy/Content/Assets/UI/T_UI_BtnBack.uasset" 2581
"D:/UE5Game - Copy/Content/Assets/UI/T_UI_BtnBack.uexp" 2582
"D:/UE5Game - Copy/Content/Assets/UI/T_UI_background.ubulk" 2583
"D:/UE5Game - Copy/Content/Assets/UI/T_UI_background.uasset" 2584
"D:/UE5Game - Copy/Content/Assets/UI/T_UI_background.uexp" 2585
"D:/UE5Game - Copy/Content/UI/Menu/MainMenu/UW_Settings.uasset" 2586
"D:/UE5Game - Copy/Content/UI/Menu/MainMenu/UW_Settings.uexp" 2587
"D:/UE5Game - Copy/Content/UI/Menu/UW_Menu.uasset" 2588
"D:/UE5Game - Copy/Content/UI/Menu/UW_Menu.uexp" 2589
"D:/UE5Game - Copy/Content/UI/SkillTrees/UW_SkillTooltip.uasset" 2590
"D:/UE5Game - Copy/Content/UI/SkillTrees/UW_SkillTooltip.uexp" 2591
"D:/UE5Game - Copy/Content/UI/SkillTrees/UW_SkillInTree.uasset" 2592
"D:/UE5Game - Copy/Content/UI/SkillTrees/UW_SkillInTree.uexp" 2593
"D:/UE5Game - Copy/Content/UI/SkillTrees/UW_SkillManager.uasset" 2594
"D:/UE5Game - Copy/Content/UI/SkillTrees/UW_SkillManager.uexp" 2595
"D:/UE5Game - Copy/Content/UI/AC_UIManager.uasset" 2596
"D:/UE5Game - Copy/Content/UI/AC_UIManager.uexp" 2597
"D:/UE5Game - Copy/Content/Blueprints/SkillSystem/AC_SkillComponent.uasset" 2598
"D:/UE5Game - Copy/Content/Blueprints/SkillSystem/AC_SkillComponent.uexp" 2599
"D:/UE5Game - Copy/Content/Blueprints/Entities/BP_Target.uasset" 2600
"D:/UE5Game - Copy/Content/Blueprints/Entities/BP_Target.uexp" 2601
"../../../Engine/Content/Functions/Engine_MaterialFunctions01/ImageAdjustment/BlurSampleOffsets.uasset" 2602
"../../../Engine/Content/Functions/Engine_MaterialFunctions01/ImageAdjustment/BlurSampleOffsets.uexp" 2603
"../../../Engine/Content/Functions/Engine_MaterialFunctions02/SampleSceneDepth.uasset" 2604
"../../../Engine/Content/Functions/Engine_MaterialFunctions02/SampleSceneDepth.uexp" 2605
"D:/UE5Game - Copy/Content/Assets/Materials/M_SelectPlaceable.uasset" 2606
"D:/UE5Game - Copy/Content/Assets/Materials/M_SelectPlaceable.uexp" 2607
"../../../Engine/Content/Functions/Engine_MaterialFunctions01/Shading/PowerToRoughness.uasset" 2608
"../../../Engine/Content/Functions/Engine_MaterialFunctions01/Shading/PowerToRoughness.uexp" 2609
"../../../Engine/Content/Functions/Engine_MaterialFunctions01/Shading/ConvertFromDiffSpec.uasset" 2610
"../../../Engine/Content/Functions/Engine_MaterialFunctions01/Shading/ConvertFromDiffSpec.uexp" 2611
"../../../Engine/Content/EditorResources/S_Terrain.ubulk" 2612
"../../../Engine/Content/EditorResources/S_Terrain.uasset" 2613
"../../../Engine/Content/EditorResources/S_Terrain.uexp" 2614
"../../../Engine/Content/Functions/Engine_MaterialFunctions02/WorldPositionOffset/ComponentPivotLocation.uasset" 2615
"../../../Engine/Content/Functions/Engine_MaterialFunctions02/WorldPositionOffset/ComponentPivotLocation.uexp" 2616
"../../../Engine/Content/Functions/Engine_MaterialFunctions02/WorldPositionOffset/V2/ObjectScale.uasset" 2617
"../../../Engine/Content/Functions/Engine_MaterialFunctions02/WorldPositionOffset/V2/ObjectScale.uexp" 2618
"../../../Engine/Content/Functions/Engine_MaterialFunctions02/WorldPositionOffset/Sprite.uasset" 2619
"../../../Engine/Content/Functions/Engine_MaterialFunctions02/WorldPositionOffset/Sprite.uexp" 2620
"../../../Engine/Plugins/Experimental/Landmass/Content/Landscape/BlueprintBrushes/Materials/Sprite/M_BrushSprite_01.uasset" 2621
"../../../Engine/Plugins/Experimental/Landmass/Content/Landscape/BlueprintBrushes/Materials/Sprite/M_BrushSprite_01.uexp" 2622
"../../../Engine/Content/EditorMaterials/TilingAALineIntegral.uasset" 2623
"../../../Engine/Content/EditorMaterials/TilingAALineIntegral.uexp" 2624
"../../../Engine/Content/EditorMaterials/TilingAALineBoxFiltered.uasset" 2625
"../../../Engine/Content/EditorMaterials/TilingAALineBoxFiltered.uexp" 2626
"../../../Engine/Content/EngineMaterials/BlendFunc_DefBlend.uasset" 2627
"../../../Engine/Content/EngineMaterials/BlendFunc_DefBlend.uexp" 2628
"../../../Engine/Content/EngineMaterials/BlendFunc_DefBase.uasset" 2629
"../../../Engine/Content/EngineMaterials/BlendFunc_DefBase.uexp" 2630
"../../../Engine/Content/Functions/Engine_MaterialFunctions03/Blends/Blend_Screen.uasset" 2631
"../../../Engine/Content/Functions/Engine_MaterialFunctions03/Blends/Blend_Screen.uexp" 2632
"../../../Engine/Content/Functions/Engine_MaterialFunctions03/Procedurals/ComputeFilterWidth.uasset" 2633
"../../../Engine/Content/Functions/Engine_MaterialFunctions03/Procedurals/ComputeFilterWidth.uexp" 2634
"../../../Engine/Content/EditorMaterials/TilingAAGrid.uasset" 2635
"../../../Engine/Content/EditorMaterials/TilingAAGrid.uexp" 2636
"../../../Engine/Content/EngineResources/Black_Low.uasset" 2637
"../../../Engine/Content/EngineResources/Black_Low.uexp" 2638
"../../../Engine/Plugins/Experimental/Landmass/Content/Landscape/BlueprintBrushes/MPC/MPC_Landscape.uasset" 2639
"../../../Engine/Plugins/Experimental/Landmass/Content/Landscape/BlueprintBrushes/MPC/MPC_Landscape.uexp" 2640
"../../../Engine/Content/Functions/Engine_MaterialFunctions01/ImageAdjustment/SCurve.uasset" 2641
"../../../Engine/Content/Functions/Engine_MaterialFunctions01/ImageAdjustment/SCurve.uexp" 2642
"../../../Engine/Plugins/Experimental/Landmass/Content/Landscape/BlueprintBrushes/MF/PointSampleLandscapeUVs.uasset" 2643
"../../../Engine/Plugins/Experimental/Landmass/Content/Landscape/BlueprintBrushes/MF/PointSampleLandscapeUVs.uexp" 2644
"../../../Engine/Content/ArtTools/RenderToTexture/Textures/T_EV_BlankWhite_01.uasset" 2645
"../../../Engine/Content/ArtTools/RenderToTexture/Textures/T_EV_BlankWhite_01.uexp" 2646
"../../../Engine/Plugins/Experimental/Landmass/Content/Landscape/OldPrototype_BP/Mats/MF/UnpackRG8Height.uasset" 2647
"../../../Engine/Plugins/Experimental/Landmass/Content/Landscape/OldPrototype_BP/Mats/MF/UnpackRG8Height.uexp" 2648
"../../../Engine/Plugins/Experimental/Landmass/Content/Landscape/BlueprintBrushes/MF/LandmassBrush_UVs.uasset" 2649
"../../../Engine/Plugins/Experimental/Landmass/Content/Landscape/BlueprintBrushes/MF/LandmassBrush_UVs.uexp" 2650
"../../../Engine/Plugins/Experimental/Landmass/Content/Landscape/BlueprintBrushes/MF/Landmass_BrushTilt.uasset" 2651
"../../../Engine/Plugins/Experimental/Landmass/Content/Landscape/BlueprintBrushes/MF/Landmass_BrushTilt.uexp" 2652
"../../../Engine/Plugins/Experimental/Landmass/Content/Landscape/BlueprintBrushes/MF/LandmassBrush_Noise.uasset" 2653
"../../../Engine/Plugins/Experimental/Landmass/Content/Landscape/BlueprintBrushes/MF/LandmassBrush_Noise.uexp" 2654
"../../../Engine/Plugins/Experimental/Landmass/Content/Landscape/BlueprintBrushes/MF/LandmassBrush_EdgeFalloff.uasset" 2655
"../../../Engine/Plugins/Experimental/Landmass/Content/Landscape/BlueprintBrushes/MF/LandmassBrush_EdgeFalloff.uexp" 2656
"../../../Engine/Plugins/Experimental/Landmass/Content/Landscape/BlueprintBrushes/Materials/BrushMaterials/BasicFunctions/LandmassBrush_ShapeMask.uasset" 2657
"../../../Engine/Plugins/Experimental/Landmass/Content/Landscape/BlueprintBrushes/Materials/BrushMaterials/BasicFunctions/LandmassBrush_ShapeMask.uexp" 2658
"../../../Engine/Plugins/Experimental/Landmass/Content/Landscape/BlueprintBrushes/Materials/Internal/BrushBounds.uasset" 2659
"../../../Engine/Plugins/Experimental/Landmass/Content/Landscape/BlueprintBrushes/Materials/Internal/BrushBounds.uexp" 2660
"D:/UE5Game - Copy/Content/Blueprints/SkillSystem/Skills/Attack/AS_SimpleParry.uasset" 2661
"D:/UE5Game - Copy/Content/Blueprints/SkillSystem/Skills/Attack/AS_SimpleParry.uexp" 2662
"D:/UE5Game - Copy/Content/Blueprints/SkillSystem/Skills/Attack/Sword/AS_SwordParry.uasset" 2663
"D:/UE5Game - Copy/Content/Blueprints/SkillSystem/Skills/Attack/Sword/AS_SwordParry.uexp" 2664
"../../../Engine/Content/EngineMaterials/Substrate/GLints/AGlintTex2dArray.uasset" 2665
"../../../Engine/Content/EngineMaterials/Substrate/GLints/AGlintTex2dArray.uexp" 2666
"../../../Engine/Content/EngineMaterials/Substrate/Glints2/AGlintTex2dArray2.uasset" 2667
"../../../Engine/Content/EngineMaterials/Substrate/Glints2/AGlintTex2dArray2.uexp" 2668
"../../../Engine/Content/ArtTools/RenderToTexture/Meshes/S_1_Unit_Plane.ubulk" 2669
"../../../Engine/Content/ArtTools/RenderToTexture/Meshes/S_1_Unit_Plane.uasset" 2670
"../../../Engine/Content/ArtTools/RenderToTexture/Meshes/S_1_Unit_Plane.uexp" 2671
"../../../Engine/Content/VREditor/TransformGizmo/TranslucentTransformGizmoMaterial.uasset" 2672
"../../../Engine/Content/VREditor/TransformGizmo/TranslucentTransformGizmoMaterial.uexp" 2673
"../../../Engine/Content/VREditor/LaserPointer/VR_LaserPower_01.ubulk" 2674
"../../../Engine/Content/VREditor/LaserPointer/VR_LaserPower_01.uasset" 2675
"../../../Engine/Content/VREditor/LaserPointer/VR_LaserPower_01.uexp" 2676
"../../../Engine/Content/VREditor/TransformGizmo/TransformGizmoMaterial.uasset" 2677
"../../../Engine/Content/VREditor/TransformGizmo/TransformGizmoMaterial.uexp" 2678
"../../../Engine/Content/VREditor/TransformGizmo/BoundingBoxCorner.ubulk" 2679
"../../../Engine/Content/VREditor/TransformGizmo/BoundingBoxCorner.uasset" 2680
"../../../Engine/Content/VREditor/TransformGizmo/BoundingBoxCorner.uexp" 2681
"../../../Engine/Content/VREditor/TransformGizmo/BoundingBoxEdge.ubulk" 2682
"../../../Engine/Content/VREditor/TransformGizmo/BoundingBoxEdge.uasset" 2683
"../../../Engine/Content/VREditor/TransformGizmo/BoundingBoxEdge.uexp" 2684
"../../../Engine/Content/VREditor/TransformGizmo/Xray.uasset" 2685
"../../../Engine/Content/VREditor/TransformGizmo/Xray.uexp" 2686
"../../../Engine/Content/VREditor/TransformGizmo/Main.uasset" 2687
"../../../Engine/Content/VREditor/TransformGizmo/Main.uexp" 2688
"../../../Engine/Content/VREditor/TransformGizmo/SM_Sequencer_Node.ubulk" 2689
"../../../Engine/Content/VREditor/TransformGizmo/SM_Sequencer_Node.uasset" 2690
"../../../Engine/Content/VREditor/TransformGizmo/SM_Sequencer_Node.uexp" 2691
"../../../Engine/Content/EngineMeshes/Sphere.ubulk" 2692
"../../../Engine/Content/EngineMeshes/Sphere.uasset" 2693
"../../../Engine/Content/EngineMeshes/Sphere.uexp" 2694
"../../../Engine/Plugins/Experimental/Landmass/Content/Landscape/Meshes/S_SpritePlane.ubulk" 2695
"../../../Engine/Plugins/Experimental/Landmass/Content/Landscape/Meshes/S_SpritePlane.uasset" 2696
"../../../Engine/Plugins/Experimental/Landmass/Content/Landscape/Meshes/S_SpritePlane.uexp" 2697
"../../../Engine/Content/EditorMaterials/Camera/CineMat.uasset" 2698
"../../../Engine/Content/EditorMaterials/Camera/CineMat.uexp" 2699
"../../../Engine/Content/EditorMaterials/Camera/MI_CineMat_Rig.uasset" 2700
"../../../Engine/Content/EditorMaterials/Camera/MI_CineMat_Rig.uexp" 2701
"../../../Engine/Content/EditorMeshes/Camera/SM_CraneRig_Arm.ubulk" 2702
"../../../Engine/Content/EditorMeshes/Camera/SM_CraneRig_Arm.uasset" 2703
"../../../Engine/Content/EditorMeshes/Camera/SM_CraneRig_Arm.uexp" 2704
"../../../Engine/Content/EditorMeshes/Camera/SM_CraneRig_Base.ubulk" 2705
"../../../Engine/Content/EditorMeshes/Camera/SM_CraneRig_Base.uasset" 2706
"../../../Engine/Content/EditorMeshes/Camera/SM_CraneRig_Base.uexp" 2707
"../../../Engine/Content/EditorMeshes/Camera/SM_CraneRig_Body.ubulk" 2708
"../../../Engine/Content/EditorMeshes/Camera/SM_CraneRig_Body.uasset" 2709
"../../../Engine/Content/EditorMeshes/Camera/SM_CraneRig_Body.uexp" 2710
"../../../Engine/Content/EditorMeshes/Camera/SM_CraneRig_Mount.ubulk" 2711
"../../../Engine/Content/EditorMeshes/Camera/SM_CraneRig_Mount.uasset" 2712
"../../../Engine/Content/EditorMeshes/Camera/SM_CraneRig_Mount.uexp" 2713
"../../../Engine/Content/EditorMeshes/Camera/SM_RailRig_Mount.ubulk" 2714
"../../../Engine/Content/EditorMeshes/Camera/SM_RailRig_Mount.uasset" 2715
"../../../Engine/Content/EditorMeshes/Camera/SM_RailRig_Mount.uexp" 2716
"../../../Engine/Content/EditorMeshes/Camera/SM_RailRig_Track.ubulk" 2717
"../../../Engine/Content/EditorMeshes/Camera/SM_RailRig_Track.uasset" 2718
"../../../Engine/Content/EditorMeshes/Camera/SM_RailRig_Track.uexp" 2719
"../../../Engine/Plugins/Experimental/Water/Content/Curves/FloatCurve.uasset" 2720
"../../../Engine/Plugins/Experimental/Water/Content/Curves/FloatCurve.uexp" 2721
"../../../Engine/Plugins/Experimental/Water/Content/Curves/FloatCurve_WaterBodyIsland.uasset" 2722
"../../../Engine/Plugins/Experimental/Water/Content/Curves/FloatCurve_WaterBodyIsland.uexp" 2723
"../../../Engine/Plugins/Experimental/Water/Content/Meshes/LakeMesh.ubulk" 2724
"../../../Engine/Plugins/Experimental/Water/Content/Meshes/LakeMesh.uasset" 2725
"../../../Engine/Plugins/Experimental/Water/Content/Meshes/LakeMesh.uexp" 2726
"../../../Engine/Plugins/Experimental/Water/Content/Meshes/RiverMesh.ubulk" 2727
"../../../Engine/Plugins/Experimental/Water/Content/Meshes/RiverMesh.uasset" 2728
"../../../Engine/Plugins/Experimental/Water/Content/Meshes/RiverMesh.uexp" 2729
"../../../Engine/Content/EngineDebugMaterials/DebugEditorMaterial.uasset" 2730
"../../../Engine/Content/EngineDebugMaterials/DebugEditorMaterial.uexp" 2731
"../../../Engine/Content/EngineDebugMaterials/DebugMeshMaterial.uasset" 2732
"../../../Engine/Content/EngineDebugMaterials/DebugMeshMaterial.uexp" 2733
"../../../Engine/Content/EngineDebugMaterials/M_SimpleUnlitTranslucent.uasset" 2734
"../../../Engine/Content/EngineDebugMaterials/M_SimpleUnlitTranslucent.uexp" 2735
"../../../Engine/Content/Functions/Engine_MaterialFunctions02/Utility/CameraDirectionVector.uasset" 2736
"../../../Engine/Content/Functions/Engine_MaterialFunctions02/Utility/CameraDirectionVector.uexp" 2737
"../../../Engine/Content/EngineDebugMaterials/VolumeToRender.uasset" 2738
"../../../Engine/Content/EngineDebugMaterials/VolumeToRender.uexp" 2739
"../../../Engine/Content/EngineDebugMaterials/M_VolumeRenderSphereTracePP.uasset" 2740
"../../../Engine/Content/EngineDebugMaterials/M_VolumeRenderSphereTracePP.uexp" 2741
"../../../Engine/Content/EngineMaterials/DefaultDeferredDecalMaterial.uasset" 2742
"../../../Engine/Content/EngineMaterials/DefaultDeferredDecalMaterial.uexp" 2743
"../../../Engine/Content/EngineMaterials/DefaultLightFunctionMaterial.uasset" 2744
"../../../Engine/Content/EngineMaterials/DefaultLightFunctionMaterial.uexp" 2745
"../../../Engine/Content/EngineMaterials/DefaultPostProcessMaterial.uasset" 2746
"../../../Engine/Content/EngineMaterials/DefaultPostProcessMaterial.uexp" 2747
"../../../Engine/Content/EngineFonts/RobotoDistanceField.uasset" 2748
"../../../Engine/Content/EngineFonts/RobotoDistanceField.uexp" 2749
"../../../Engine/Content/EngineMaterials/DefaultTextMaterialOpaque.uasset" 2750
"../../../Engine/Content/EngineMaterials/DefaultTextMaterialOpaque.uexp" 2751
"../../../Engine/Content/EngineMaterials/DefaultWhiteGrid_Low.uasset" 2752
"../../../Engine/Content/EngineMaterials/DefaultWhiteGrid_Low.uexp" 2753
"../../../Engine/Content/EngineMaterials/EmissiveMeshMaterial.uasset" 2754
"../../../Engine/Content/EngineMaterials/EmissiveMeshMaterial.uexp" 2755
"../../../Engine/Content/EngineMaterials/BaseFlattenNormalMap.uasset" 2756
"../../../Engine/Content/EngineMaterials/BaseFlattenNormalMap.uexp" 2757
"../../../Engine/Content/EngineMaterials/BaseFlattenDiffuseMap.uasset" 2758
"../../../Engine/Content/EngineMaterials/BaseFlattenDiffuseMap.uexp" 2759
"../../../Engine/Content/EngineMaterials/BaseFlattenEmissiveMap.uasset" 2760
"../../../Engine/Content/EngineMaterials/BaseFlattenEmissiveMap.uexp" 2761
"../../../Engine/Content/EngineMaterials/BaseFlattenGrayscaleMap.uasset" 2762
"../../../Engine/Content/EngineMaterials/BaseFlattenGrayscaleMap.uexp" 2763
"../../../Engine/Content/EngineMaterials/BaseFlattenLinearColor.uasset" 2764
"../../../Engine/Content/EngineMaterials/BaseFlattenLinearColor.uexp" 2765
"../../../Engine/Content/Functions/Engine_MaterialFunctions02/PivotPainter2/Black_1x1_EXR_Texture.uasset" 2766
"../../../Engine/Content/Functions/Engine_MaterialFunctions02/PivotPainter2/Black_1x1_EXR_Texture.uexp" 2767
"../../../Engine/Content/EngineMaterials/FlattenMaterial.uasset" 2768
"../../../Engine/Content/EngineMaterials/FlattenMaterial.uexp" 2769
"../../../Engine/Content/EngineMaterials/BaseFlattenDiffuseMap_VT.ubulk" 2770
"../../../Engine/Content/EngineMaterials/BaseFlattenDiffuseMap_VT.uasset" 2771
"../../../Engine/Content/EngineMaterials/BaseFlattenDiffuseMap_VT.uexp" 2772
"../../../Engine/Content/EngineMaterials/BaseFlattenEmissiveMap_VT.ubulk" 2773
"../../../Engine/Content/EngineMaterials/BaseFlattenEmissiveMap_VT.uasset" 2774
"../../../Engine/Content/EngineMaterials/BaseFlattenEmissiveMap_VT.uexp" 2775
"../../../Engine/Content/EngineMaterials/BaseFlattenGrayscaleMap_VT.ubulk" 2776
"../../../Engine/Content/EngineMaterials/BaseFlattenGrayscaleMap_VT.uasset" 2777
"../../../Engine/Content/EngineMaterials/BaseFlattenGrayscaleMap_VT.uexp" 2778
"../../../Engine/Content/EngineMaterials/BaseFlattenLinearColor_VT.ubulk" 2779
"../../../Engine/Content/EngineMaterials/BaseFlattenLinearColor_VT.uasset" 2780
"../../../Engine/Content/EngineMaterials/BaseFlattenLinearColor_VT.uexp" 2781
"../../../Engine/Content/EngineMaterials/BaseFlattenNormalMap_VT.ubulk" 2782
"../../../Engine/Content/EngineMaterials/BaseFlattenNormalMap_VT.uasset" 2783
"../../../Engine/Content/EngineMaterials/BaseFlattenNormalMap_VT.uexp" 2784
"../../../Engine/Content/EngineMaterials/Black_1x1_EXR_Texture_VT.ubulk" 2785
"../../../Engine/Content/EngineMaterials/Black_1x1_EXR_Texture_VT.uasset" 2786
"../../../Engine/Content/EngineMaterials/Black_1x1_EXR_Texture_VT.uexp" 2787
"../../../Engine/Content/EngineMaterials/FlattenMaterial_VT.uasset" 2788
"../../../Engine/Content/EngineMaterials/FlattenMaterial_VT.uexp" 2789
"../../../Engine/Content/EngineMaterials/FlattenMaterial_WS_Normal_VT.uasset" 2790
"../../../Engine/Content/EngineMaterials/FlattenMaterial_WS_Normal_VT.uexp" 2791
"../../../Engine/Content/EngineMaterials/GizmoMaterial.uasset" 2792
"../../../Engine/Content/EngineMaterials/GizmoMaterial.uexp" 2793
"../../../Engine/Content/EngineMaterials/InvalidLightmapSettings.ubulk" 2794
"../../../Engine/Content/EngineMaterials/InvalidLightmapSettings.uasset" 2795
"../../../Engine/Content/EngineMaterials/InvalidLightmapSettings.uexp" 2796
"../../../Engine/Content/EngineMaterials/M_InvalidLightmapSettings.uasset" 2797
"../../../Engine/Content/EngineMaterials/M_InvalidLightmapSettings.uexp" 2798
"../../../Engine/Content/EngineMaterials/NaniteHiddenSectionMaterial.uasset" 2799
"../../../Engine/Content/EngineMaterials/NaniteHiddenSectionMaterial.uexp" 2800
"../../../Engine/Content/Functions/Engine_MaterialFunctions02/WorldPositionOffset/CameraOffset.uasset" 2801
"../../../Engine/Content/Functions/Engine_MaterialFunctions02/WorldPositionOffset/CameraOffset.uexp" 2802
"../../../Engine/Content/EngineMaterials/PhAT_JointLimitMaterial.uasset" 2803
"../../../Engine/Content/EngineMaterials/PhAT_JointLimitMaterial.uexp" 2804
"../../../Engine/Content/EngineMaterials/DefaultCalibrationColor.uasset" 2805
"../../../Engine/Content/EngineMaterials/DefaultCalibrationColor.uexp" 2806
"../../../Engine/Content/EngineMaterials/PPM_DefaultCalibrationColor.uasset" 2807
"../../../Engine/Content/EngineMaterials/PPM_DefaultCalibrationColor.uexp" 2808
"../../../Engine/Content/EngineMaterials/DefaultCalibrationGrayscale.uasset" 2809
"../../../Engine/Content/EngineMaterials/DefaultCalibrationGrayscale.uexp" 2810
"../../../Engine/Content/EngineMaterials/PPM_DefaultCalibrationGrayscale.uasset" 2811
"../../../Engine/Content/EngineMaterials/PPM_DefaultCalibrationGrayscale.uexp" 2812
"../../../Engine/Content/EngineMaterials/RemoveSurfaceMaterial.uasset" 2813
"../../../Engine/Content/EngineMaterials/RemoveSurfaceMaterial.uexp" 2814
"../../../Engine/Content/EngineMaterials/WeightMapPlaceholderTexture.uasset" 2815
"../../../Engine/Content/EngineMaterials/WeightMapPlaceholderTexture.uexp" 2816
"../../../Engine/Content/EngineMaterials/WeightMapArrayPlaceholderTexture.uasset" 2817
"../../../Engine/Content/EngineMaterials/WeightMapArrayPlaceholderTexture.uexp" 2818
"../../../Engine/Plugins/Animation/ControlRig/Content/Controls/ControlRigGizmoMaterial.uasset" 2819
"../../../Engine/Plugins/Animation/ControlRig/Content/Controls/ControlRigGizmoMaterial.uexp" 2820
"../../../Engine/Plugins/Animation/ControlRig/Content/Controls/ControlRigXRayMaterial.uasset" 2821
"../../../Engine/Plugins/Animation/ControlRig/Content/Controls/ControlRigXRayMaterial.uexp" 2822
"../../../Engine/Plugins/Animation/ControlRig/Content/Controls/ControlRig_Arrow2_1mm.ubulk" 2823
"../../../Engine/Plugins/Animation/ControlRig/Content/Controls/ControlRig_Arrow2_1mm.uasset" 2824
"../../../Engine/Plugins/Animation/ControlRig/Content/Controls/ControlRig_Arrow2_1mm.uexp" 2825
"../../../Engine/Plugins/Animation/ControlRig/Content/Controls/ControlRig_Arrow2_3mm.ubulk" 2826
"../../../Engine/Plugins/Animation/ControlRig/Content/Controls/ControlRig_Arrow2_3mm.uasset" 2827
"../../../Engine/Plugins/Animation/ControlRig/Content/Controls/ControlRig_Arrow2_3mm.uexp" 2828
"../../../Engine/Plugins/Animation/ControlRig/Content/Controls/ControlRig_Arrow2_solid.ubulk" 2829
"../../../Engine/Plugins/Animation/ControlRig/Content/Controls/ControlRig_Arrow2_solid.uasset" 2830
"../../../Engine/Plugins/Animation/ControlRig/Content/Controls/ControlRig_Arrow2_solid.uexp" 2831
"../../../Engine/Plugins/Animation/ControlRig/Content/Controls/ControlRig_Arrow4_1mm.ubulk" 2832
"../../../Engine/Plugins/Animation/ControlRig/Content/Controls/ControlRig_Arrow4_1mm.uasset" 2833
"../../../Engine/Plugins/Animation/ControlRig/Content/Controls/ControlRig_Arrow4_1mm.uexp" 2834
"../../../Engine/Plugins/Animation/ControlRig/Content/Controls/ControlRig_Arrow4_3mm.ubulk" 2835
"../../../Engine/Plugins/Animation/ControlRig/Content/Controls/ControlRig_Arrow4_3mm.uasset" 2836
"../../../Engine/Plugins/Animation/ControlRig/Content/Controls/ControlRig_Arrow4_3mm.uexp" 2837
"../../../Engine/Plugins/Animation/ControlRig/Content/Controls/ControlRig_Arrow4_solid.ubulk" 2838
"../../../Engine/Plugins/Animation/ControlRig/Content/Controls/ControlRig_Arrow4_solid.uasset" 2839
"../../../Engine/Plugins/Animation/ControlRig/Content/Controls/ControlRig_Arrow4_solid.uexp" 2840
"../../../Engine/Plugins/Animation/ControlRig/Content/Controls/ControlRig_Arrow_1mm.ubulk" 2841
"../../../Engine/Plugins/Animation/ControlRig/Content/Controls/ControlRig_Arrow_1mm.uasset" 2842
"../../../Engine/Plugins/Animation/ControlRig/Content/Controls/ControlRig_Arrow_1mm.uexp" 2843
"../../../Engine/Plugins/Animation/ControlRig/Content/Controls/ControlRig_Arrow_3mm.ubulk" 2844
"../../../Engine/Plugins/Animation/ControlRig/Content/Controls/ControlRig_Arrow_3mm.uasset" 2845
"../../../Engine/Plugins/Animation/ControlRig/Content/Controls/ControlRig_Arrow_3mm.uexp" 2846
"../../../Engine/Plugins/Animation/ControlRig/Content/Controls/ControlRig_Arrow_solid.ubulk" 2847
"../../../Engine/Plugins/Animation/ControlRig/Content/Controls/ControlRig_Arrow_solid.uasset" 2848
"../../../Engine/Plugins/Animation/ControlRig/Content/Controls/ControlRig_Arrow_solid.uexp" 2849
"../../../Engine/Plugins/Animation/ControlRig/Content/Controls/ControlRig_Box_1mm.ubulk" 2850
"../../../Engine/Plugins/Animation/ControlRig/Content/Controls/ControlRig_Box_1mm.uasset" 2851
"../../../Engine/Plugins/Animation/ControlRig/Content/Controls/ControlRig_Box_1mm.uexp" 2852
"../../../Engine/Plugins/Animation/ControlRig/Content/Controls/ControlRig_Box_3mm.ubulk" 2853
"../../../Engine/Plugins/Animation/ControlRig/Content/Controls/ControlRig_Box_3mm.uasset" 2854
"../../../Engine/Plugins/Animation/ControlRig/Content/Controls/ControlRig_Box_3mm.uexp" 2855
"../../../Engine/Plugins/Animation/ControlRig/Content/Controls/ControlRig_Box_solid.ubulk" 2856
"../../../Engine/Plugins/Animation/ControlRig/Content/Controls/ControlRig_Box_solid.uasset" 2857
"../../../Engine/Plugins/Animation/ControlRig/Content/Controls/ControlRig_Box_solid.uexp" 2858
"../../../Engine/Plugins/Animation/ControlRig/Content/Controls/ControlRig_Circle_1mm.ubulk" 2859
"../../../Engine/Plugins/Animation/ControlRig/Content/Controls/ControlRig_Circle_1mm.uasset" 2860
"../../../Engine/Plugins/Animation/ControlRig/Content/Controls/ControlRig_Circle_1mm.uexp" 2861
"../../../Engine/Plugins/Animation/ControlRig/Content/Controls/ControlRig_Circle_3mm.ubulk" 2862
"../../../Engine/Plugins/Animation/ControlRig/Content/Controls/ControlRig_Circle_3mm.uasset" 2863
"../../../Engine/Plugins/Animation/ControlRig/Content/Controls/ControlRig_Circle_3mm.uexp" 2864
"../../../Engine/Plugins/Animation/ControlRig/Content/Controls/ControlRig_Circle_solid.ubulk" 2865
"../../../Engine/Plugins/Animation/ControlRig/Content/Controls/ControlRig_Circle_solid.uasset" 2866
"../../../Engine/Plugins/Animation/ControlRig/Content/Controls/ControlRig_Circle_solid.uexp" 2867
"../../../Engine/Plugins/Animation/ControlRig/Content/Controls/ControlRig_Diamond_1mm.ubulk" 2868
"../../../Engine/Plugins/Animation/ControlRig/Content/Controls/ControlRig_Diamond_1mm.uasset" 2869
"../../../Engine/Plugins/Animation/ControlRig/Content/Controls/ControlRig_Diamond_1mm.uexp" 2870
"../../../Engine/Plugins/Animation/ControlRig/Content/Controls/ControlRig_Diamond_3mm.ubulk" 2871
"../../../Engine/Plugins/Animation/ControlRig/Content/Controls/ControlRig_Diamond_3mm.uasset" 2872
"../../../Engine/Plugins/Animation/ControlRig/Content/Controls/ControlRig_Diamond_3mm.uexp" 2873
"../../../Engine/Plugins/Animation/ControlRig/Content/Controls/ControlRig_Diamond_solid.ubulk" 2874
"../../../Engine/Plugins/Animation/ControlRig/Content/Controls/ControlRig_Diamond_solid.uasset" 2875
"../../../Engine/Plugins/Animation/ControlRig/Content/Controls/ControlRig_Diamond_solid.uexp" 2876
"../../../Engine/Plugins/Animation/ControlRig/Content/Controls/ControlRig_HalfCircle_1mm.ubulk" 2877
"../../../Engine/Plugins/Animation/ControlRig/Content/Controls/ControlRig_HalfCircle_1mm.uasset" 2878
"../../../Engine/Plugins/Animation/ControlRig/Content/Controls/ControlRig_HalfCircle_1mm.uexp" 2879
"../../../Engine/Plugins/Animation/ControlRig/Content/Controls/ControlRig_HalfCircle_3mm.ubulk" 2880
"../../../Engine/Plugins/Animation/ControlRig/Content/Controls/ControlRig_HalfCircle_3mm.uasset" 2881
"../../../Engine/Plugins/Animation/ControlRig/Content/Controls/ControlRig_HalfCircle_3mm.uexp" 2882
"../../../Engine/Plugins/Animation/ControlRig/Content/Controls/ControlRig_HalfCircle_solid.ubulk" 2883
"../../../Engine/Plugins/Animation/ControlRig/Content/Controls/ControlRig_HalfCircle_solid.uasset" 2884
"../../../Engine/Plugins/Animation/ControlRig/Content/Controls/ControlRig_HalfCircle_solid.uexp" 2885
"../../../Engine/Plugins/Animation/ControlRig/Content/Controls/ControlRig_Hexagon_1mm.ubulk" 2886
"../../../Engine/Plugins/Animation/ControlRig/Content/Controls/ControlRig_Hexagon_1mm.uasset" 2887
"../../../Engine/Plugins/Animation/ControlRig/Content/Controls/ControlRig_Hexagon_1mm.uexp" 2888
"../../../Engine/Plugins/Animation/ControlRig/Content/Controls/ControlRig_Hexagon_3mm.ubulk" 2889
"../../../Engine/Plugins/Animation/ControlRig/Content/Controls/ControlRig_Hexagon_3mm.uasset" 2890
"../../../Engine/Plugins/Animation/ControlRig/Content/Controls/ControlRig_Hexagon_3mm.uexp" 2891
"../../../Engine/Plugins/Animation/ControlRig/Content/Controls/ControlRig_Hexagon_solid.ubulk" 2892
"../../../Engine/Plugins/Animation/ControlRig/Content/Controls/ControlRig_Hexagon_solid.uasset" 2893
"../../../Engine/Plugins/Animation/ControlRig/Content/Controls/ControlRig_Hexagon_solid.uexp" 2894
"../../../Engine/Plugins/Animation/ControlRig/Content/Controls/ControlRig_Octagon_1mm.ubulk" 2895
"../../../Engine/Plugins/Animation/ControlRig/Content/Controls/ControlRig_Octagon_1mm.uasset" 2896
"../../../Engine/Plugins/Animation/ControlRig/Content/Controls/ControlRig_Octagon_1mm.uexp" 2897
"../../../Engine/Plugins/Animation/ControlRig/Content/Controls/ControlRig_Octagon_3mm.ubulk" 2898
"../../../Engine/Plugins/Animation/ControlRig/Content/Controls/ControlRig_Octagon_3mm.uasset" 2899
"../../../Engine/Plugins/Animation/ControlRig/Content/Controls/ControlRig_Octagon_3mm.uexp" 2900
"../../../Engine/Plugins/Animation/ControlRig/Content/Controls/ControlRig_Octagon_solid.ubulk" 2901
"../../../Engine/Plugins/Animation/ControlRig/Content/Controls/ControlRig_Octagon_solid.uasset" 2902
"../../../Engine/Plugins/Animation/ControlRig/Content/Controls/ControlRig_Octagon_solid.uexp" 2903
"../../../Engine/Plugins/Animation/ControlRig/Content/Controls/ControlRig_Pyramid_1mm.ubulk" 2904
"../../../Engine/Plugins/Animation/ControlRig/Content/Controls/ControlRig_Pyramid_1mm.uasset" 2905
"../../../Engine/Plugins/Animation/ControlRig/Content/Controls/ControlRig_Pyramid_1mm.uexp" 2906
"../../../Engine/Plugins/Animation/ControlRig/Content/Controls/ControlRig_Pyramid_3mm.ubulk" 2907
"../../../Engine/Plugins/Animation/ControlRig/Content/Controls/ControlRig_Pyramid_3mm.uasset" 2908
"../../../Engine/Plugins/Animation/ControlRig/Content/Controls/ControlRig_Pyramid_3mm.uexp" 2909
"../../../Engine/Plugins/Animation/ControlRig/Content/Controls/ControlRig_Pyramid_solid.ubulk" 2910
"../../../Engine/Plugins/Animation/ControlRig/Content/Controls/ControlRig_Pyramid_solid.uasset" 2911
"../../../Engine/Plugins/Animation/ControlRig/Content/Controls/ControlRig_Pyramid_solid.uexp" 2912
"../../../Engine/Plugins/Animation/ControlRig/Content/Controls/ControlRig_QuarterCircle_1mm.ubulk" 2913
"../../../Engine/Plugins/Animation/ControlRig/Content/Controls/ControlRig_QuarterCircle_1mm.uasset" 2914
"../../../Engine/Plugins/Animation/ControlRig/Content/Controls/ControlRig_QuarterCircle_1mm.uexp" 2915
"../../../Engine/Plugins/Animation/ControlRig/Content/Controls/ControlRig_QuarterCircle_3mm.ubulk" 2916
"../../../Engine/Plugins/Animation/ControlRig/Content/Controls/ControlRig_QuarterCircle_3mm.uasset" 2917
"../../../Engine/Plugins/Animation/ControlRig/Content/Controls/ControlRig_QuarterCircle_3mm.uexp" 2918
"../../../Engine/Plugins/Animation/ControlRig/Content/Controls/ControlRig_QuarterCircle_solid.ubulk" 2919
"../../../Engine/Plugins/Animation/ControlRig/Content/Controls/ControlRig_QuarterCircle_solid.uasset" 2920
"../../../Engine/Plugins/Animation/ControlRig/Content/Controls/ControlRig_QuarterCircle_solid.uexp" 2921
"../../../Engine/Plugins/Animation/ControlRig/Content/Controls/ControlRig_RoundedSquare_1mm.ubulk" 2922
"../../../Engine/Plugins/Animation/ControlRig/Content/Controls/ControlRig_RoundedSquare_1mm.uasset" 2923
"../../../Engine/Plugins/Animation/ControlRig/Content/Controls/ControlRig_RoundedSquare_1mm.uexp" 2924
"../../../Engine/Plugins/Animation/ControlRig/Content/Controls/ControlRig_RoundedSquare_3mm.ubulk" 2925
"../../../Engine/Plugins/Animation/ControlRig/Content/Controls/ControlRig_RoundedSquare_3mm.uasset" 2926
"../../../Engine/Plugins/Animation/ControlRig/Content/Controls/ControlRig_RoundedSquare_3mm.uexp" 2927
"../../../Engine/Plugins/Animation/ControlRig/Content/Controls/ControlRig_RoundedSquare_solid.ubulk" 2928
"../../../Engine/Plugins/Animation/ControlRig/Content/Controls/ControlRig_RoundedSquare_solid.uasset" 2929
"../../../Engine/Plugins/Animation/ControlRig/Content/Controls/ControlRig_RoundedSquare_solid.uexp" 2930
"../../../Engine/Plugins/Animation/ControlRig/Content/Controls/ControlRig_RoundedTriangle_1mm.ubulk" 2931
"../../../Engine/Plugins/Animation/ControlRig/Content/Controls/ControlRig_RoundedTriangle_1mm.uasset" 2932
"../../../Engine/Plugins/Animation/ControlRig/Content/Controls/ControlRig_RoundedTriangle_1mm.uexp" 2933
"../../../Engine/Plugins/Animation/ControlRig/Content/Controls/ControlRig_RoundedTriangle_3mm.ubulk" 2934
"../../../Engine/Plugins/Animation/ControlRig/Content/Controls/ControlRig_RoundedTriangle_3mm.uasset" 2935
"../../../Engine/Plugins/Animation/ControlRig/Content/Controls/ControlRig_RoundedTriangle_3mm.uexp" 2936
"../../../Engine/Plugins/Animation/ControlRig/Content/Controls/ControlRig_RoundedTriangle_solid.ubulk" 2937
"../../../Engine/Plugins/Animation/ControlRig/Content/Controls/ControlRig_RoundedTriangle_solid.uasset" 2938
"../../../Engine/Plugins/Animation/ControlRig/Content/Controls/ControlRig_RoundedTriangle_solid.uexp" 2939
"../../../Engine/Plugins/Animation/ControlRig/Content/Controls/ControlRig_Sphere_1mm.ubulk" 2940
"../../../Engine/Plugins/Animation/ControlRig/Content/Controls/ControlRig_Sphere_1mm.uasset" 2941
"../../../Engine/Plugins/Animation/ControlRig/Content/Controls/ControlRig_Sphere_1mm.uexp" 2942
"../../../Engine/Plugins/Animation/ControlRig/Content/Controls/ControlRig_Sphere_3mm.ubulk" 2943
"../../../Engine/Plugins/Animation/ControlRig/Content/Controls/ControlRig_Sphere_3mm.uasset" 2944
"../../../Engine/Plugins/Animation/ControlRig/Content/Controls/ControlRig_Sphere_3mm.uexp" 2945
"../../../Engine/Plugins/Animation/ControlRig/Content/Controls/ControlRig_Sphere_solid.ubulk" 2946
"../../../Engine/Plugins/Animation/ControlRig/Content/Controls/ControlRig_Sphere_solid.uasset" 2947
"../../../Engine/Plugins/Animation/ControlRig/Content/Controls/ControlRig_Sphere_solid.uexp" 2948
"../../../Engine/Plugins/Animation/ControlRig/Content/Controls/ControlRig_Square_1mm.ubulk" 2949
"../../../Engine/Plugins/Animation/ControlRig/Content/Controls/ControlRig_Square_1mm.uasset" 2950
"../../../Engine/Plugins/Animation/ControlRig/Content/Controls/ControlRig_Square_1mm.uexp" 2951
"../../../Engine/Plugins/Animation/ControlRig/Content/Controls/ControlRig_Square_3mm.ubulk" 2952
"../../../Engine/Plugins/Animation/ControlRig/Content/Controls/ControlRig_Square_3mm.uasset" 2953
"../../../Engine/Plugins/Animation/ControlRig/Content/Controls/ControlRig_Square_3mm.uexp" 2954
"../../../Engine/Plugins/Animation/ControlRig/Content/Controls/ControlRig_Square_solid.ubulk" 2955
"../../../Engine/Plugins/Animation/ControlRig/Content/Controls/ControlRig_Square_solid.uasset" 2956
"../../../Engine/Plugins/Animation/ControlRig/Content/Controls/ControlRig_Square_solid.uexp" 2957
"../../../Engine/Plugins/Animation/ControlRig/Content/Controls/ControlRig_Star4_1mm.ubulk" 2958
"../../../Engine/Plugins/Animation/ControlRig/Content/Controls/ControlRig_Star4_1mm.uasset" 2959
"../../../Engine/Plugins/Animation/ControlRig/Content/Controls/ControlRig_Star4_1mm.uexp" 2960
"../../../Engine/Plugins/Animation/ControlRig/Content/Controls/ControlRig_Star4_3mm.ubulk" 2961
"../../../Engine/Plugins/Animation/ControlRig/Content/Controls/ControlRig_Star4_3mm.uasset" 2962
"../../../Engine/Plugins/Animation/ControlRig/Content/Controls/ControlRig_Star4_3mm.uexp" 2963
"../../../Engine/Plugins/Animation/ControlRig/Content/Controls/ControlRig_Star4_solid.ubulk" 2964
"../../../Engine/Plugins/Animation/ControlRig/Content/Controls/ControlRig_Star4_solid.uasset" 2965
"../../../Engine/Plugins/Animation/ControlRig/Content/Controls/ControlRig_Star4_solid.uexp" 2966
"../../../Engine/Plugins/Animation/ControlRig/Content/Controls/ControlRig_Triangle_1mm.ubulk" 2967
"../../../Engine/Plugins/Animation/ControlRig/Content/Controls/ControlRig_Triangle_1mm.uasset" 2968
"../../../Engine/Plugins/Animation/ControlRig/Content/Controls/ControlRig_Triangle_1mm.uexp" 2969
"../../../Engine/Plugins/Animation/ControlRig/Content/Controls/ControlRig_Triangle_3mm.ubulk" 2970
"../../../Engine/Plugins/Animation/ControlRig/Content/Controls/ControlRig_Triangle_3mm.uasset" 2971
"../../../Engine/Plugins/Animation/ControlRig/Content/Controls/ControlRig_Triangle_3mm.uexp" 2972
"../../../Engine/Plugins/Animation/ControlRig/Content/Controls/ControlRig_Triangle_solid.ubulk" 2973
"../../../Engine/Plugins/Animation/ControlRig/Content/Controls/ControlRig_Triangle_solid.uasset" 2974
"../../../Engine/Plugins/Animation/ControlRig/Content/Controls/ControlRig_Triangle_solid.uexp" 2975
"../../../Engine/Plugins/Animation/ControlRig/Content/Controls/ControlRig_Wedge_1mm.ubulk" 2976
"../../../Engine/Plugins/Animation/ControlRig/Content/Controls/ControlRig_Wedge_1mm.uasset" 2977
"../../../Engine/Plugins/Animation/ControlRig/Content/Controls/ControlRig_Wedge_1mm.uexp" 2978
"../../../Engine/Plugins/Animation/ControlRig/Content/Controls/ControlRig_Wedge_3mm.ubulk" 2979
"../../../Engine/Plugins/Animation/ControlRig/Content/Controls/ControlRig_Wedge_3mm.uasset" 2980
"../../../Engine/Plugins/Animation/ControlRig/Content/Controls/ControlRig_Wedge_3mm.uexp" 2981
"../../../Engine/Plugins/Animation/ControlRig/Content/Controls/ControlRig_Wedge_solid.ubulk" 2982
"../../../Engine/Plugins/Animation/ControlRig/Content/Controls/ControlRig_Wedge_solid.uasset" 2983
"../../../Engine/Plugins/Animation/ControlRig/Content/Controls/ControlRig_Wedge_solid.uexp" 2984
"../../../Engine/Content/BasicShapes/Cone.ubulk" 2985
"../../../Engine/Content/BasicShapes/Cone.uasset" 2986
"../../../Engine/Content/BasicShapes/Cone.uexp" 2987
"../../../Engine/Content/BasicShapes/Cylinder.ubulk" 2988
"../../../Engine/Content/BasicShapes/Cylinder.uasset" 2989
"../../../Engine/Content/BasicShapes/Cylinder.uexp" 2990
"../../../Engine/Content/BasicShapes/Plane.ubulk" 2991
"../../../Engine/Content/BasicShapes/Plane.uasset" 2992
"../../../Engine/Content/BasicShapes/Plane.uexp" 2993
"../../../Engine/Content/EditorLandscapeResources/DefaultAlphaTexture.uasset" 2994
"../../../Engine/Content/EditorLandscapeResources/DefaultAlphaTexture.uexp" 2995
"../../../Engine/Content/EditorLandscapeResources/LandscapeDirtyMaterial.uasset" 2996
"../../../Engine/Content/EditorLandscapeResources/LandscapeDirtyMaterial.uexp" 2997
"../../../Engine/Content/Functions/Engine_MaterialFunctions01/Texturing/ScaleUVsByCenter.uasset" 2998
"../../../Engine/Content/Functions/Engine_MaterialFunctions01/Texturing/ScaleUVsByCenter.uexp" 2999
"../../../Engine/Content/Functions/Engine_MaterialFunctions01/Debug/DebugIntValues.uasset" 3000
"../../../Engine/Content/Functions/Engine_MaterialFunctions01/Debug/DebugIntValues.uexp" 3001
"../../../Engine/Content/EditorLandscapeResources/LandscapeLayerUsageMaterial.uasset" 3002
"../../../Engine/Content/EditorLandscapeResources/LandscapeLayerUsageMaterial.uexp" 3003
"../../../Engine/Content/EditorLandscapeResources/LayerVisMaterial.uasset" 3004
"../../../Engine/Content/EditorLandscapeResources/LayerVisMaterial.uexp" 3005
"../../../Engine/Content/EditorLandscapeResources/SplineEditorMeshMat.uasset" 3006
"../../../Engine/Content/EditorLandscapeResources/SplineEditorMeshMat.uexp" 3007
"../../../Engine/Content/EditorLandscapeResources/SplineEditorMesh.ubulk" 3008
"../../../Engine/Content/EditorLandscapeResources/SplineEditorMesh.uasset" 3009
"../../../Engine/Content/EditorLandscapeResources/SplineEditorMesh.uexp" 3010
"../../../Engine/Plugins/Animation/ControlRig/Content/M_Manip.uasset" 3011
"../../../Engine/Plugins/Animation/ControlRig/Content/M_Manip.uexp" 3012
"../../../Engine/Plugins/Media/MediaPlate/Content/SM_MediaPlateScreen.ubulk" 3013
"../../../Engine/Plugins/Media/MediaPlate/Content/SM_MediaPlateScreen.uasset" 3014
"../../../Engine/Plugins/Media/MediaPlate/Content/SM_MediaPlateScreen.uexp" 3015
"../../../Engine/Content/EngineResources/DefaultTextureCube.uasset" 3016
"../../../Engine/Content/EngineResources/DefaultTextureCube.uexp" 3017
"../../../Engine/Content/EngineResources/DefaultVolumeTexture2D.uasset" 3018
"../../../Engine/Content/EngineResources/DefaultVolumeTexture2D.uexp" 3019
"../../../Engine/Content/EngineResources/DefaultVolumeTexture.uasset" 3020
"../../../Engine/Content/EngineResources/DefaultVolumeTexture.uexp" 3021
"../../../Engine/Plugins/2D/Paper2D/Content/DefaultSpriteMaterial.uasset" 3022
"../../../Engine/Plugins/2D/Paper2D/Content/DefaultSpriteMaterial.uexp" 3023
"../../../Engine/Plugins/2D/Paper2D/Content/OpaqueUnlitSpriteMaterial.uasset" 3024
"../../../Engine/Plugins/2D/Paper2D/Content/OpaqueUnlitSpriteMaterial.uexp" 3025
"../../../Engine/Plugins/2D/Paper2D/Content/MaskedUnlitSpriteMaterial.uasset" 3026
"../../../Engine/Plugins/2D/Paper2D/Content/MaskedUnlitSpriteMaterial.uexp" 3027
"../../../Engine/Plugins/NNE/NNEDenoiser/Content/NNE_oidn2-3-0_rt_hdr_calb_cnrm_large__dyn__fp16_opset11_ForwardAlpha.uasset" 3028
"../../../Engine/Plugins/NNE/NNEDenoiser/Content/NNE_oidn2-3-0_rt_hdr_calb_cnrm_large__dyn__fp16_opset11_ForwardAlpha.uexp" 3029
"../../../Engine/Plugins/NNE/NNEDenoiser/Content/NNE_oidn2-3-0_rt_hdr_calb_cnrm_large__dyn__fp16_opset11_DenoiseAlpha.uasset" 3030
"../../../Engine/Plugins/NNE/NNEDenoiser/Content/NNE_oidn2-3-0_rt_hdr_calb_cnrm_large__dyn__fp16_opset11_DenoiseAlpha.uexp" 3031
"../../../Engine/Plugins/NNE/NNEDenoiser/Content/NNE_oidn2-3-0_rt_hdr_alb_nrm__dyn__fp16_opset11_ForwardAlpha.uasset" 3032
"../../../Engine/Plugins/NNE/NNEDenoiser/Content/NNE_oidn2-3-0_rt_hdr_alb_nrm__dyn__fp16_opset11_ForwardAlpha.uexp" 3033
"../../../Engine/Plugins/NNE/NNEDenoiser/Content/NNE_oidn2-3-0_rt_hdr_alb_nrm__dyn__fp16_opset11_DenoiseAlpha.uasset" 3034
"../../../Engine/Plugins/NNE/NNEDenoiser/Content/NNE_oidn2-3-0_rt_hdr_alb_nrm__dyn__fp16_opset11_DenoiseAlpha.uexp" 3035
"../../../Engine/Plugins/NNE/NNEDenoiser/Content/NNE_oidn2-3-0_rt_hdr_alb_nrm_small__dyn__fp16_opset11_ForwardAlpha.uasset" 3036
"../../../Engine/Plugins/NNE/NNEDenoiser/Content/NNE_oidn2-3-0_rt_hdr_alb_nrm_small__dyn__fp16_opset11_ForwardAlpha.uexp" 3037
"../../../Engine/Plugins/NNE/NNEDenoiser/Content/NNE_oidn2-3-0_rt_hdr_alb_nrm_small__dyn__fp16_opset11_DenoiseAlpha.uasset" 3038
"../../../Engine/Plugins/NNE/NNEDenoiser/Content/NNE_oidn2-3-0_rt_hdr_alb_nrm_small__dyn__fp16_opset11_DenoiseAlpha.uexp" 3039
"../../../Engine/Content/Functions/Engine_MaterialFunctions03/Math/WithinRangeFloat2.uasset" 3040
"../../../Engine/Content/Functions/Engine_MaterialFunctions03/Math/WithinRangeFloat2.uexp" 3041
"../../../Engine/Content/EditorLandscapeResources/SelectBrushMaterial.uasset" 3042
"../../../Engine/Content/EditorLandscapeResources/SelectBrushMaterial.uexp" 3043
"../../../Engine/Content/EditorLandscapeResources/SelectBrushMaterial_SelectedRegion.uasset" 3044
"../../../Engine/Content/EditorLandscapeResources/SelectBrushMaterial_SelectedRegion.uexp" 3045
"../../../Engine/Content/EditorLandscapeResources/SelectBrushMaterial_Selected.uasset" 3046
"../../../Engine/Content/EditorLandscapeResources/SelectBrushMaterial_Selected.uexp" 3047
"../../../Engine/Content/EditorLandscapeResources/MaskBrushMaterial.uasset" 3048
"../../../Engine/Content/EditorLandscapeResources/MaskBrushMaterial.uexp" 3049
"../../../Engine/Content/EditorLandscapeResources/MaskBrushMaterial_MaskedRegion.uasset" 3050
"../../../Engine/Content/EditorLandscapeResources/MaskBrushMaterial_MaskedRegion.uexp" 3051
"../../../Engine/Content/EditorLandscapeResources/ColorMaskBrushMaterial.uasset" 3052
"../../../Engine/Content/EditorLandscapeResources/ColorMaskBrushMaterial.uexp" 3053
"../../../Engine/Content/EditorLandscapeResources/ColorMaskBrushMaterial_MaskedRegion.uasset" 3054
"../../../Engine/Content/EditorLandscapeResources/ColorMaskBrushMaterial_MaskedRegion.uexp" 3055
"../../../Engine/Content/VREditor/TransformGizmo/TranslucentTransformGizmoMaterial_Inst.uasset" 3056
"../../../Engine/Content/VREditor/TransformGizmo/TranslucentTransformGizmoMaterial_Inst.uexp" 3057
"../../../Engine/Content/VREditor/TransformGizmo/TransformGizmoMaterial_Inst.uasset" 3058
"../../../Engine/Content/VREditor/TransformGizmo/TransformGizmoMaterial_Inst.uexp" 3059
"../../../Engine/Content/VREditor/Sounds/UI/Drop_Item_From_ContentBrowser.ubulk" 3060
"../../../Engine/Content/VREditor/Sounds/UI/Drop_Item_From_ContentBrowser.uasset" 3061
"../../../Engine/Content/VREditor/Sounds/UI/Drop_Item_From_ContentBrowser.uexp" 3062
"../../../Engine/Content/VREditor/TransformGizmo/UniformScaleHandle.ubulk" 3063
"../../../Engine/Content/VREditor/TransformGizmo/UniformScaleHandle.uasset" 3064
"../../../Engine/Content/VREditor/TransformGizmo/UniformScaleHandle.uexp" 3065
"../../../Engine/Content/VREditor/TransformGizmo/TranslateArrowHandle.ubulk" 3066
"../../../Engine/Content/VREditor/TransformGizmo/TranslateArrowHandle.uasset" 3067
"../../../Engine/Content/VREditor/TransformGizmo/TranslateArrowHandle.uexp" 3068
"../../../Engine/Content/VREditor/TransformGizmo/TransformGizmoFreeRotation.ubulk" 3069
"../../../Engine/Content/VREditor/TransformGizmo/TransformGizmoFreeRotation.uasset" 3070
"../../../Engine/Content/VREditor/TransformGizmo/TransformGizmoFreeRotation.uexp" 3071
"../../../Engine/Content/Functions/Engine_MaterialFunctions02/SplitComponents.uasset" 3072
"../../../Engine/Content/Functions/Engine_MaterialFunctions02/SplitComponents.uexp" 3073
"../../../Engine/Content/VREditor/SnapGrid/SnapGridMaterial.uasset" 3074
"../../../Engine/Content/VREditor/SnapGrid/SnapGridMaterial.uexp" 3075
"../../../Engine/Content/VREditor/SnapGrid/SnapGridPlaneMesh.ubulk" 3076
"../../../Engine/Content/VREditor/SnapGrid/SnapGridPlaneMesh.uasset" 3077
"../../../Engine/Content/VREditor/SnapGrid/SnapGridPlaneMesh.uexp" 3078
"../../../Engine/Content/VREditor/Sounds/UI/Gizmo_Handle_Clicked.ubulk" 3079
"../../../Engine/Content/VREditor/Sounds/UI/Gizmo_Handle_Clicked.uasset" 3080
"../../../Engine/Content/VREditor/Sounds/UI/Gizmo_Handle_Clicked.uexp" 3081
"../../../Engine/Content/VREditor/Sounds/UI/Object_PickUp.ubulk" 3082
"../../../Engine/Content/VREditor/Sounds/UI/Object_PickUp.uasset" 3083
"../../../Engine/Content/VREditor/Sounds/UI/Object_PickUp.uexp" 3084
"../../../Engine/Content/VREditor/Sounds/UI/Object_Snaps_To_Another_Actor.ubulk" 3085
"../../../Engine/Content/VREditor/Sounds/UI/Object_Snaps_To_Another_Actor.uasset" 3086
"../../../Engine/Content/VREditor/Sounds/UI/Object_Snaps_To_Another_Actor.uexp" 3087
"../../../Engine/Content/VREditor/Sounds/UI/Object_Snaps_To_Grid.ubulk" 3088
"../../../Engine/Content/VREditor/Sounds/UI/Object_Snaps_To_Grid.uasset" 3089
"../../../Engine/Content/VREditor/Sounds/UI/Object_Snaps_To_Grid.uexp" 3090
"../../../Engine/Content/VREditor/Sounds/UI/Scaling_Down.ubulk" 3091
"../../../Engine/Content/VREditor/Sounds/UI/Scaling_Down.uasset" 3092
"../../../Engine/Content/VREditor/Sounds/UI/Scaling_Down.uexp" 3093
"../../../Engine/Content/VREditor/Sounds/UI/Scaling_Up.ubulk" 3094
"../../../Engine/Content/VREditor/Sounds/UI/Scaling_Up.uasset" 3095
"../../../Engine/Content/VREditor/Sounds/UI/Scaling_Up.uexp" 3096
"../../../Engine/Content/VREditor/Sounds/UI/Selection_Changes.ubulk" 3097
"../../../Engine/Content/VREditor/Sounds/UI/Selection_Changes.uasset" 3098
"../../../Engine/Content/VREditor/Sounds/UI/Selection_Changes.uexp" 3099
"../../../Engine/Content/VREditor/TransformGizmo/PlaneTranslationHandle.ubulk" 3100
"../../../Engine/Content/VREditor/TransformGizmo/PlaneTranslationHandle.uasset" 3101
"../../../Engine/Content/VREditor/TransformGizmo/PlaneTranslationHandle.uexp" 3102
"../../../Engine/Content/VREditor/TransformGizmo/RotationHandleFull.ubulk" 3103
"../../../Engine/Content/VREditor/TransformGizmo/RotationHandleFull.uasset" 3104
"../../../Engine/Content/VREditor/TransformGizmo/RotationHandleFull.uexp" 3105
"../../../Engine/Content/VREditor/TransformGizmo/RotationHandleIndicator.ubulk" 3106
"../../../Engine/Content/VREditor/TransformGizmo/RotationHandleIndicator.uasset" 3107
"../../../Engine/Content/VREditor/TransformGizmo/RotationHandleIndicator.uexp" 3108
"../../../Engine/Content/VREditor/TransformGizmo/RotationHandleQuarter.ubulk" 3109
"../../../Engine/Content/VREditor/TransformGizmo/RotationHandleQuarter.uasset" 3110
"../../../Engine/Content/VREditor/TransformGizmo/RotationHandleQuarter.uexp" 3111
"../../../Engine/Content/VREditor/TransformGizmo/StartRotationHandleIndicator.ubulk" 3112
"../../../Engine/Content/VREditor/TransformGizmo/StartRotationHandleIndicator.uasset" 3113
"../../../Engine/Content/VREditor/TransformGizmo/StartRotationHandleIndicator.uexp" 3114
"../../../Engine/Content/EngineResources/LandscapeVisibilityLayerInfo.uasset" 3115
"../../../Engine/Content/EngineResources/LandscapeVisibilityLayerInfo.uexp" 3116
"../../../Engine/Content/EngineMaterials/Widget3DPassThrough.uasset" 3117
"../../../Engine/Content/EngineMaterials/Widget3DPassThrough.uexp" 3118
"../../../Engine/Content/EngineMaterials/Widget3DPassThrough_Translucent.uasset" 3119
"../../../Engine/Content/EngineMaterials/Widget3DPassThrough_Translucent.uexp" 3120
"../../../Engine/Content/EngineMaterials/Widget3DPassThrough_Translucent_OneSided.uasset" 3121
"../../../Engine/Content/EngineMaterials/Widget3DPassThrough_Translucent_OneSided.uexp" 3122
"../../../Engine/Content/EngineMaterials/Widget3DPassThrough_Opaque.uasset" 3123
"../../../Engine/Content/EngineMaterials/Widget3DPassThrough_Opaque.uexp" 3124
"../../../Engine/Content/EngineMaterials/Widget3DPassThrough_Opaque_OneSided.uasset" 3125
"../../../Engine/Content/EngineMaterials/Widget3DPassThrough_Opaque_OneSided.uexp" 3126
"../../../Engine/Content/EngineMaterials/Widget3DPassThrough_Masked_OneSided.uasset" 3127
"../../../Engine/Content/EngineMaterials/Widget3DPassThrough_Masked_OneSided.uexp" 3128
"../../../Engine/Content/EngineMaterials/Widget3DPassThrough_Masked.uasset" 3129
"../../../Engine/Content/EngineMaterials/Widget3DPassThrough_Masked.uexp" 3130
"../../../Engine/Content/EditorMaterials/AssetViewer/T_GreyAmbient.uasset" 3131
"../../../Engine/Content/EditorMaterials/AssetViewer/T_GreyAmbient.uexp" 3132
"../../../Engine/Content/EditorMaterials/AssetViewer/EpicQuadPanorama_CC+EV1.uasset" 3133
"../../../Engine/Content/EditorMaterials/AssetViewer/EpicQuadPanorama_CC+EV1.uexp" 3134
"../../../Engine/Plugins/Interchange/Assets/Content/gltf/Textures/T_White_srgb.uasset" 3135
"../../../Engine/Plugins/Interchange/Assets/Content/gltf/Textures/T_White_srgb.uexp" 3136
"../../../Engine/Plugins/Interchange/Assets/Content/gltf/MaterialFunctions/MF_BaseColor.uasset" 3137
"../../../Engine/Plugins/Interchange/Assets/Content/gltf/MaterialFunctions/MF_BaseColor.uexp" 3138
"../../../Engine/Plugins/Interchange/Assets/Content/gltf/MaterialFunctions/MF_RotateV2.uasset" 3139
"../../../Engine/Plugins/Interchange/Assets/Content/gltf/MaterialFunctions/MF_RotateV2.uexp" 3140
"../../../Engine/Plugins/Interchange/Assets/Content/gltf/MaterialFunctions/MF_TransformUVs.uasset" 3141
"../../../Engine/Plugins/Interchange/Assets/Content/gltf/MaterialFunctions/MF_TransformUVs.uexp" 3142
"../../../Engine/Plugins/Interchange/Assets/Content/gltf/MaterialBodies/MF_Unlit_Body.uasset" 3143
"../../../Engine/Plugins/Interchange/Assets/Content/gltf/MaterialBodies/MF_Unlit_Body.uexp" 3144
"../../../Engine/Plugins/Interchange/Assets/Content/gltf/M_Unlit.uasset" 3145
"../../../Engine/Plugins/Interchange/Assets/Content/gltf/M_Unlit.uexp" 3146
"../../../Engine/Plugins/Interchange/Assets/Content/gltf/MaterialInstances/MI_Unlit_Opaque_DS.uasset" 3147
"../../../Engine/Plugins/Interchange/Assets/Content/gltf/MaterialInstances/MI_Unlit_Opaque_DS.uexp" 3148
"../../../Engine/Plugins/Interchange/Assets/Content/gltf/MaterialInstances/MI_Unlit_Opaque.uasset" 3149
"../../../Engine/Plugins/Interchange/Assets/Content/gltf/MaterialInstances/MI_Unlit_Opaque.uexp" 3150
"../../../Engine/Plugins/Interchange/Assets/Content/gltf/MaterialInstances/MI_Unlit_Mask_DS.uasset" 3151
"../../../Engine/Plugins/Interchange/Assets/Content/gltf/MaterialInstances/MI_Unlit_Mask_DS.uexp" 3152
"../../../Engine/Plugins/Interchange/Assets/Content/gltf/MaterialInstances/MI_Unlit_Mask.uasset" 3153
"../../../Engine/Plugins/Interchange/Assets/Content/gltf/MaterialInstances/MI_Unlit_Mask.uexp" 3154
"../../../Engine/Plugins/Interchange/Assets/Content/gltf/MaterialInstances/MI_Unlit_Blend_DS.uasset" 3155
"../../../Engine/Plugins/Interchange/Assets/Content/gltf/MaterialInstances/MI_Unlit_Blend_DS.uexp" 3156
"../../../Engine/Plugins/Interchange/Assets/Content/gltf/MaterialInstances/MI_Unlit_Blend.uasset" 3157
"../../../Engine/Plugins/Interchange/Assets/Content/gltf/MaterialInstances/MI_Unlit_Blend.uexp" 3158
"../../../Engine/Content/EngineMaterials/Good64x64TilingNoiseHighFreq.uasset" 3159
"../../../Engine/Content/EngineMaterials/Good64x64TilingNoiseHighFreq.uexp" 3160
"../../../Engine/Content/Functions/Engine_MaterialFunctions02/Texturing/ScreenAlignedPixelToPixelUVs.uasset" 3161
"../../../Engine/Content/Functions/Engine_MaterialFunctions02/Texturing/ScreenAlignedPixelToPixelUVs.uexp" 3162
"../../../Engine/Plugins/Interchange/Assets/Content/Utilities/New_LUT.uasset" 3163
"../../../Engine/Plugins/Interchange/Assets/Content/Utilities/New_LUT.uexp" 3164
"../../../Engine/Content/Functions/Engine_MaterialFunctions03/Math/RemapValueRange.uasset" 3165
"../../../Engine/Content/Functions/Engine_MaterialFunctions03/Math/RemapValueRange.uexp" 3166
"../../../Engine/Plugins/Interchange/Assets/Content/Functions/MF_Iridescence.uasset" 3167
"../../../Engine/Plugins/Interchange/Assets/Content/Functions/MF_Iridescence.uexp" 3168
"../../../Engine/Plugins/Interchange/Assets/Content/gltf/MaterialFunctions/MF_Fresnel_DS.uasset" 3169
"../../../Engine/Plugins/Interchange/Assets/Content/gltf/MaterialFunctions/MF_Fresnel_DS.uexp" 3170
"../../../Engine/Plugins/Interchange/Assets/Content/gltf/MaterialFunctions/MF_IOR.uasset" 3171
"../../../Engine/Plugins/Interchange/Assets/Content/gltf/MaterialFunctions/MF_IOR.uexp" 3172
"../../../Engine/Plugins/Interchange/Assets/Content/gltf/MaterialFunctions/MF_Iridescence.uasset" 3173
"../../../Engine/Plugins/Interchange/Assets/Content/gltf/MaterialFunctions/MF_Iridescence.uexp" 3174
"../../../Engine/Plugins/Interchange/Assets/Content/gltf/Textures/T_White_Linear.uasset" 3175
"../../../Engine/Plugins/Interchange/Assets/Content/gltf/Textures/T_White_Linear.uexp" 3176
"../../../Engine/Plugins/Interchange/Assets/Content/gltf/MaterialFunctions/MF_MetallicRoughness.uasset" 3177
"../../../Engine/Plugins/Interchange/Assets/Content/gltf/MaterialFunctions/MF_MetallicRoughness.uexp" 3178
"../../../Engine/Plugins/Interchange/Assets/Content/gltf/MaterialFunctions/MF_RotateNormals_TS.uasset" 3179
"../../../Engine/Plugins/Interchange/Assets/Content/gltf/MaterialFunctions/MF_RotateNormals_TS.uexp" 3180
"../../../Engine/Plugins/Interchange/Assets/Content/gltf/MaterialFunctions/MF_ScaleNormal.uasset" 3181
"../../../Engine/Plugins/Interchange/Assets/Content/gltf/MaterialFunctions/MF_ScaleNormal.uexp" 3182
"../../../Engine/Plugins/Interchange/Assets/Content/gltf/Textures/T_Generic_N.uasset" 3183
"../../../Engine/Plugins/Interchange/Assets/Content/gltf/Textures/T_Generic_N.uexp" 3184
"../../../Engine/Plugins/Interchange/Assets/Content/gltf/MaterialFunctions/MF_Normals.uasset" 3185
"../../../Engine/Plugins/Interchange/Assets/Content/gltf/MaterialFunctions/MF_Normals.uexp" 3186
"../../../Engine/Plugins/Interchange/Assets/Content/gltf/MaterialFunctions/MF_Occlusion.uasset" 3187
"../../../Engine/Plugins/Interchange/Assets/Content/gltf/MaterialFunctions/MF_Occlusion.uexp" 3188
"../../../Engine/Plugins/Interchange/Assets/Content/gltf/MaterialFunctions/MF_Specular.uasset" 3189
"../../../Engine/Plugins/Interchange/Assets/Content/gltf/MaterialFunctions/MF_Specular.uexp" 3190
"../../../Engine/Plugins/Interchange/Assets/Content/gltf/Textures/T_Anisotropy_Direction_Linear.uasset" 3191
"../../../Engine/Plugins/Interchange/Assets/Content/gltf/Textures/T_Anisotropy_Direction_Linear.uexp" 3192
"../../../Engine/Plugins/Interchange/Assets/Content/gltf/MaterialFunctions/MF_SpecularAnisotropy.uasset" 3193
"../../../Engine/Plugins/Interchange/Assets/Content/gltf/MaterialFunctions/MF_SpecularAnisotropy.uexp" 3194
"../../../Engine/Plugins/Interchange/Assets/Content/gltf/MaterialFunctions/MF_Temporal_Blur.uasset" 3195
"../../../Engine/Plugins/Interchange/Assets/Content/gltf/MaterialFunctions/MF_Temporal_Blur.uexp" 3196
"../../../Engine/Plugins/Interchange/Assets/Content/gltf/MaterialFunctions/MF_Transmission.uasset" 3197
"../../../Engine/Plugins/Interchange/Assets/Content/gltf/MaterialFunctions/MF_Transmission.uexp" 3198
"../../../Engine/Plugins/Interchange/Assets/Content/gltf/MaterialBodies/MF_Transmission_Body.uasset" 3199
"../../../Engine/Plugins/Interchange/Assets/Content/gltf/MaterialBodies/MF_Transmission_Body.uexp" 3200
"../../../Engine/Plugins/Interchange/Assets/Content/gltf/M_Transmission.uasset" 3201
"../../../Engine/Plugins/Interchange/Assets/Content/gltf/M_Transmission.uexp" 3202
"../../../Engine/Plugins/Interchange/Assets/Content/gltf/MaterialInstances/MI_Transmission_DS.uasset" 3203
"../../../Engine/Plugins/Interchange/Assets/Content/gltf/MaterialInstances/MI_Transmission_DS.uexp" 3204
"../../../Engine/Plugins/Interchange/Assets/Content/gltf/MaterialInstances/MI_Transmission.uasset" 3205
"../../../Engine/Plugins/Interchange/Assets/Content/gltf/MaterialInstances/MI_Transmission.uexp" 3206
"../../../Engine/Content/Functions/Engine_MaterialFunctions02/Math/AddComponents.uasset" 3207
"../../../Engine/Content/Functions/Engine_MaterialFunctions02/Math/AddComponents.uexp" 3208
"../../../Engine/Plugins/Interchange/Assets/Content/gltf/MaterialFunctions/MF_DiffuseSpecGloss.uasset" 3209
"../../../Engine/Plugins/Interchange/Assets/Content/gltf/MaterialFunctions/MF_DiffuseSpecGloss.uexp" 3210
"../../../Engine/Plugins/Interchange/Assets/Content/gltf/MaterialFunctions/MF_Emissive.uasset" 3211
"../../../Engine/Plugins/Interchange/Assets/Content/gltf/MaterialFunctions/MF_Emissive.uexp" 3212
"../../../Engine/Plugins/Interchange/Assets/Content/gltf/MaterialFunctions/MF_MaxComponentValue.uasset" 3213
"../../../Engine/Plugins/Interchange/Assets/Content/gltf/MaterialFunctions/MF_MaxComponentValue.uexp" 3214
"../../../Engine/Plugins/Interchange/Assets/Content/gltf/MaterialFunctions/MF_PerceivedBrightness.uasset" 3215
"../../../Engine/Plugins/Interchange/Assets/Content/gltf/MaterialFunctions/MF_PerceivedBrightness.uexp" 3216
"../../../Engine/Plugins/Interchange/Assets/Content/gltf/MaterialFunctions/MF_SpecGlossToMetalRoughness.uasset" 3217
"../../../Engine/Plugins/Interchange/Assets/Content/gltf/MaterialFunctions/MF_SpecGlossToMetalRoughness.uexp" 3218
"../../../Engine/Plugins/Interchange/Assets/Content/gltf/MaterialBodies/MF_SpecularGlossiness_Body.uasset" 3219
"../../../Engine/Plugins/Interchange/Assets/Content/gltf/MaterialBodies/MF_SpecularGlossiness_Body.uexp" 3220
"../../../Engine/Plugins/Interchange/Assets/Content/gltf/M_SpecularGlossiness.uasset" 3221
"../../../Engine/Plugins/Interchange/Assets/Content/gltf/M_SpecularGlossiness.uexp" 3222
"../../../Engine/Plugins/Interchange/Assets/Content/gltf/MaterialInstances/MI_SpecularGlossiness_Opaque_DS.uasset" 3223
"../../../Engine/Plugins/Interchange/Assets/Content/gltf/MaterialInstances/MI_SpecularGlossiness_Opaque_DS.uexp" 3224
"../../../Engine/Plugins/Interchange/Assets/Content/gltf/MaterialInstances/MI_SpecularGlossiness_Opaque.uasset" 3225
"../../../Engine/Plugins/Interchange/Assets/Content/gltf/MaterialInstances/MI_SpecularGlossiness_Opaque.uexp" 3226
"../../../Engine/Plugins/Interchange/Assets/Content/gltf/MaterialInstances/MI_SpecularGlossiness_Mask_DS.uasset" 3227
"../../../Engine/Plugins/Interchange/Assets/Content/gltf/MaterialInstances/MI_SpecularGlossiness_Mask_DS.uexp" 3228
"../../../Engine/Plugins/Interchange/Assets/Content/gltf/MaterialInstances/MI_SpecularGlossiness_Mask.uasset" 3229
"../../../Engine/Plugins/Interchange/Assets/Content/gltf/MaterialInstances/MI_SpecularGlossiness_Mask.uexp" 3230
"../../../Engine/Plugins/Interchange/Assets/Content/gltf/MaterialInstances/MI_SpecularGlossiness_Blend_DS.uasset" 3231
"../../../Engine/Plugins/Interchange/Assets/Content/gltf/MaterialInstances/MI_SpecularGlossiness_Blend_DS.uexp" 3232
"../../../Engine/Plugins/Interchange/Assets/Content/gltf/MaterialInstances/MI_SpecularGlossiness_Blend.uasset" 3233
"../../../Engine/Plugins/Interchange/Assets/Content/gltf/MaterialInstances/MI_SpecularGlossiness_Blend.uexp" 3234
"../../../Engine/Plugins/Interchange/Assets/Content/gltf/MaterialFunctions/MF_Sheen.uasset" 3235
"../../../Engine/Plugins/Interchange/Assets/Content/gltf/MaterialFunctions/MF_Sheen.uexp" 3236
"../../../Engine/Plugins/Interchange/Assets/Content/gltf/MaterialBodies/MF_Sheen_Body.uasset" 3237
"../../../Engine/Plugins/Interchange/Assets/Content/gltf/MaterialBodies/MF_Sheen_Body.uexp" 3238
"../../../Engine/Plugins/Interchange/Assets/Content/gltf/M_Sheen.uasset" 3239
"../../../Engine/Plugins/Interchange/Assets/Content/gltf/M_Sheen.uexp" 3240
"../../../Engine/Plugins/Interchange/Assets/Content/gltf/MaterialInstances/MI_Sheen_Opaque_DS.uasset" 3241
"../../../Engine/Plugins/Interchange/Assets/Content/gltf/MaterialInstances/MI_Sheen_Opaque_DS.uexp" 3242
"../../../Engine/Plugins/Interchange/Assets/Content/gltf/MaterialInstances/MI_Sheen_Opaque.uasset" 3243
"../../../Engine/Plugins/Interchange/Assets/Content/gltf/MaterialInstances/MI_Sheen_Opaque.uexp" 3244
"../../../Engine/Plugins/Interchange/Assets/Content/gltf/MaterialInstances/MI_Sheen_Mask_DS.uasset" 3245
"../../../Engine/Plugins/Interchange/Assets/Content/gltf/MaterialInstances/MI_Sheen_Mask_DS.uexp" 3246
"../../../Engine/Plugins/Interchange/Assets/Content/gltf/MaterialInstances/MI_Sheen_Mask.uasset" 3247
"../../../Engine/Plugins/Interchange/Assets/Content/gltf/MaterialInstances/MI_Sheen_Mask.uexp" 3248
"../../../Engine/Plugins/Interchange/Assets/Content/gltf/MaterialInstances/MI_Sheen_Blend_DS.uasset" 3249
"../../../Engine/Plugins/Interchange/Assets/Content/gltf/MaterialInstances/MI_Sheen_Blend_DS.uexp" 3250
"../../../Engine/Plugins/Interchange/Assets/Content/gltf/MaterialInstances/MI_Sheen_Blend.uasset" 3251
"../../../Engine/Plugins/Interchange/Assets/Content/gltf/MaterialInstances/MI_Sheen_Blend.uexp" 3252
"../../../Engine/Plugins/Interchange/Assets/Content/gltf/MaterialBodies/MF_Default_Body.uasset" 3253
"../../../Engine/Plugins/Interchange/Assets/Content/gltf/MaterialBodies/MF_Default_Body.uexp" 3254
"../../../Engine/Plugins/Interchange/Assets/Content/gltf/M_Default.uasset" 3255
"../../../Engine/Plugins/Interchange/Assets/Content/gltf/M_Default.uexp" 3256
"../../../Engine/Plugins/Interchange/Assets/Content/gltf/MaterialInstances/MI_Default_Opaque_DS.uasset" 3257
"../../../Engine/Plugins/Interchange/Assets/Content/gltf/MaterialInstances/MI_Default_Opaque_DS.uexp" 3258
"../../../Engine/Plugins/Interchange/Assets/Content/gltf/MaterialInstances/MI_Default_Opaque.uasset" 3259
"../../../Engine/Plugins/Interchange/Assets/Content/gltf/MaterialInstances/MI_Default_Opaque.uexp" 3260
"../../../Engine/Plugins/Interchange/Assets/Content/gltf/MaterialInstances/MI_Default_Mask_DS.uasset" 3261
"../../../Engine/Plugins/Interchange/Assets/Content/gltf/MaterialInstances/MI_Default_Mask_DS.uexp" 3262
"../../../Engine/Plugins/Interchange/Assets/Content/gltf/MaterialInstances/MI_Default_Mask.uasset" 3263
"../../../Engine/Plugins/Interchange/Assets/Content/gltf/MaterialInstances/MI_Default_Mask.uexp" 3264
"../../../Engine/Plugins/Interchange/Assets/Content/gltf/MaterialInstances/MI_Default_Blend_DS.uasset" 3265
"../../../Engine/Plugins/Interchange/Assets/Content/gltf/MaterialInstances/MI_Default_Blend_DS.uexp" 3266
"../../../Engine/Plugins/Interchange/Assets/Content/gltf/MaterialInstances/MI_Default_Blend.uasset" 3267
"../../../Engine/Plugins/Interchange/Assets/Content/gltf/MaterialInstances/MI_Default_Blend.uexp" 3268
"../../../Engine/Plugins/Interchange/Assets/Content/gltf/MaterialFunctions/MF_Clearcoat.uasset" 3269
"../../../Engine/Plugins/Interchange/Assets/Content/gltf/MaterialFunctions/MF_Clearcoat.uexp" 3270
"../../../Engine/Plugins/Interchange/Assets/Content/gltf/MaterialBodies/MF_ClearCoat_Body.uasset" 3271
"../../../Engine/Plugins/Interchange/Assets/Content/gltf/MaterialBodies/MF_ClearCoat_Body.uexp" 3272
"../../../Engine/Plugins/Interchange/Assets/Content/gltf/M_ClearCoat.uasset" 3273
"../../../Engine/Plugins/Interchange/Assets/Content/gltf/M_ClearCoat.uexp" 3274
"../../../Engine/Plugins/Interchange/Assets/Content/gltf/MaterialInstances/MI_ClearCoat_Opaque_DS.uasset" 3275
"../../../Engine/Plugins/Interchange/Assets/Content/gltf/MaterialInstances/MI_ClearCoat_Opaque_DS.uexp" 3276
"../../../Engine/Plugins/Interchange/Assets/Content/gltf/MaterialInstances/MI_ClearCoat_Opaque.uasset" 3277
"../../../Engine/Plugins/Interchange/Assets/Content/gltf/MaterialInstances/MI_ClearCoat_Opaque.uexp" 3278
"../../../Engine/Plugins/Interchange/Assets/Content/gltf/MaterialInstances/MI_ClearCoat_Mask_DS.uasset" 3279
"../../../Engine/Plugins/Interchange/Assets/Content/gltf/MaterialInstances/MI_ClearCoat_Mask_DS.uexp" 3280
"../../../Engine/Plugins/Interchange/Assets/Content/gltf/MaterialInstances/MI_ClearCoat_Mask.uasset" 3281
"../../../Engine/Plugins/Interchange/Assets/Content/gltf/MaterialInstances/MI_ClearCoat_Mask.uexp" 3282
"../../../Engine/Plugins/Interchange/Assets/Content/gltf/MaterialInstances/MI_ClearCoat_Blend_DS.uasset" 3283
"../../../Engine/Plugins/Interchange/Assets/Content/gltf/MaterialInstances/MI_ClearCoat_Blend_DS.uexp" 3284
"../../../Engine/Plugins/Interchange/Assets/Content/gltf/MaterialInstances/MI_ClearCoat_Blend.uasset" 3285
"../../../Engine/Plugins/Interchange/Assets/Content/gltf/MaterialInstances/MI_ClearCoat_Blend.uexp" 3286
"../../../Engine/Content/EngineMaterials/Substrate/Volume/SubstrateSimpleVolumeLUT3D.uasset" 3287
"../../../Engine/Content/EngineMaterials/Substrate/Volume/SubstrateSimpleVolumeLUT3D.uexp" 3288
"../../../Engine/Content/EngineMaterials/Substrate/Volume/SubstrateSimpleVolumeEnvLUT3D.uasset" 3289
"../../../Engine/Content/EngineMaterials/Substrate/Volume/SubstrateSimpleVolumeEnvLUT3D.uexp" 3290
"../../../Engine/Plugins/NNE/NNEDenoiser/Content/NNED_Oidn2-3_HighQuality_Alpha.uasset" 3291
"../../../Engine/Plugins/NNE/NNEDenoiser/Content/NNED_Oidn2-3_HighQuality_Alpha.uexp" 3292
"../../../Engine/Plugins/NNE/NNEDenoiser/Content/NNED_Oidn2-3_HighQuality.uasset" 3293
"../../../Engine/Plugins/NNE/NNEDenoiser/Content/NNED_Oidn2-3_HighQuality.uexp" 3294
"../../../Engine/Plugins/NNE/NNEDenoiser/Content/NNED_Oidn2-3_Fast_Alpha.uasset" 3295
"../../../Engine/Plugins/NNE/NNEDenoiser/Content/NNED_Oidn2-3_Fast_Alpha.uexp" 3296
"../../../Engine/Plugins/NNE/NNEDenoiser/Content/NNED_Oidn2-3_Fast.uasset" 3297
"../../../Engine/Plugins/NNE/NNEDenoiser/Content/NNED_Oidn2-3_Fast.uexp" 3298
"../../../Engine/Plugins/NNE/NNEDenoiser/Content/NNED_Oidn2-3_Balanced_Alpha.uasset" 3299
"../../../Engine/Plugins/NNE/NNEDenoiser/Content/NNED_Oidn2-3_Balanced_Alpha.uexp" 3300
"../../../Engine/Plugins/NNE/NNEDenoiser/Content/NNED_Oidn2-3_Balanced.uasset" 3301
"../../../Engine/Plugins/NNE/NNEDenoiser/Content/NNED_Oidn2-3_Balanced.uexp" 3302
"../../../Engine/Plugins/NNE/NNEDenoiser/Content/NNEDT_Oidn2-3_Balanced_Alpha.uasset" 3303
"../../../Engine/Plugins/NNE/NNEDenoiser/Content/NNEDT_Oidn2-3_Balanced_Alpha.uexp" 3304
"../../../Engine/Plugins/NNE/NNEDenoiser/Content/NNEDT_Oidn2-3_Balanced.uasset" 3305
"../../../Engine/Plugins/NNE/NNEDenoiser/Content/NNEDT_Oidn2-3_Balanced.uexp" 3306
"../../../Engine/Plugins/Animation/DeformerGraph/Content/DeformerFunctions/DG_Function_LinearBlendSkin_Morph_Cloth_PositionOnly.uasset" 3307
"../../../Engine/Plugins/Animation/DeformerGraph/Content/DeformerFunctions/DG_Function_LinearBlendSkin_Morph_Cloth_PositionOnly.uexp" 3308
"../../../Engine/Plugins/Animation/DeformerGraph/Content/DeformerFunctions/DG_Function_ComputeNormalsTangents.uasset" 3309
"../../../Engine/Plugins/Animation/DeformerGraph/Content/DeformerFunctions/DG_Function_ComputeNormalsTangents.uexp" 3310
"../../../Engine/Plugins/Animation/DeformerGraph/Content/Deformers/DG_LinearBlendSkin_Morph_Cloth_RecomputeNormals.uasset" 3311
"../../../Engine/Plugins/Animation/DeformerGraph/Content/Deformers/DG_LinearBlendSkin_Morph_Cloth_RecomputeNormals.uexp" 3312
"../../../Engine/Plugins/Animation/DeformerGraph/Content/DeformerFunctions/DG_Function_LinearBlendSkin_Morph_Cloth.uasset" 3313
"../../../Engine/Plugins/Animation/DeformerGraph/Content/DeformerFunctions/DG_Function_LinearBlendSkin_Morph_Cloth.uexp" 3314
"../../../Engine/Plugins/Animation/DeformerGraph/Content/Deformers/DG_LinearBlendSkin_Morph_Cloth.uasset" 3315
"../../../Engine/Plugins/Animation/DeformerGraph/Content/Deformers/DG_LinearBlendSkin_Morph_Cloth.uexp" 3316
"D:/UE5Game - Copy/Content/Levels/L_Test.uexp" 3317
"D:/UE5Game - Copy/Content/Levels/L_Test.umap" 3318
